-- phpMyAdmin SQL Dump
-- version 5.1.1
-- https://www.phpmyadmin.net/
--
-- Host: 127.0.0.1
-- Czas generowania: 03 Mar 2022, 10:31
-- Wersja serwera: 10.4.22-MariaDB
-- Wersja PHP: 8.1.1

SET SQL_MODE = "NO_AUTO_VALUE_ON_ZERO";
START TRANSACTION;
SET time_zone = "+00:00";


/*!40101 SET @OLD_CHARACTER_SET_CLIENT=@@CHARACTER_SET_CLIENT */;
/*!40101 SET @OLD_CHARACTER_SET_RESULTS=@@CHARACTER_SET_RESULTS */;
/*!40101 SET @OLD_COLLATION_CONNECTION=@@COLLATION_CONNECTION */;
/*!40101 SET NAMES utf8mb4 */;

--
-- Baza danych: `portal`
--

DELIMITER $$
--
-- Procedury
--
CREATE DEFINER=`root`@`localhost` PROCEDURE `NowyPost` (`pTytul` VARCHAR(200), `pTresc` TEXT, `pTemat` INT(11), `pIdUzytkownika` INT(11))  BEGIN
	SELECT @temp_id := COALESCE(MAX(idPost),0)+1 FROM portal.posty;
	INSERT INTO portal.posty(`idPost`,`tytul`,`idUzytkownik`,`idTemat`) VALUES (@temp_id,pTytul,pIdUzytkownika,pTemat);
    INSERT INTO portal.trescpostow(`tresc`, `idPost`) VALUES (pTresc,@temp_id);
END$$

CREATE DEFINER=`root`@`localhost` PROCEDURE `NowyUzytkownik` (`plogin` VARCHAR(30), `pnazwa` VARCHAR(30), `phaslo` CHAR(64), `pplec` INT, `pmiejscowosc` VARCHAR(60))  BEGIN
    SELECT @temp_id := COALESCE(MAX(idUzytkownik),0)+1 FROM uzytkownicy;
	INSERT into portal.uzytkownicy(`idUzytkownik`,`login`, `nazwa`, `uprawnienia`, `plec`, `miejscowosc`) VALUES (@temp_id,plogin,pnazwa,0,pplec,pmiejscowosc);
    INSERT INTO portal.hasla(`Haslo`, `czy_aktywne`, `idUzytkownik`) VALUES (phaslo,1,@temp_id);
END$$

--
-- Funkcje
--
CREATE DEFINER=`root`@`localhost` FUNCTION `DlugoscBlokady` (`pIdUzytkownika` INT(11)) RETURNS INT(11) BEGIN
    DECLARE Length INT;
    SET Length = 0;
    SELECT DATEDIFF(DATE_ADD(data_blokady, INTERVAL czas_blokady DAY),CURRENT_DATE) into Length from portal.zablokowani where idUzytkownik = pIdUzytkownika;
 	SELECT IF(Length>0, Length, 0) into Length;   
    RETURN Length;
END$$

DELIMITER ;

-- --------------------------------------------------------

--
-- Struktura tabeli dla tabeli `galeria`
--

CREATE TABLE `galeria` (
  `idZdjecia` int(11) NOT NULL,
  `zawartosc` mediumblob NOT NULL,
  `nazwa_pliku` varchar(255) COLLATE utf8_bin NOT NULL,
  `idPost` int(11) NOT NULL
) ENGINE=InnoDB DEFAULT CHARSET=utf8 COLLATE=utf8_bin;

--
-- Zrzut danych tabeli `galeria`
--

INSERT INTO `galeria` (`idZdjecia`, `zawartosc`, `nazwa_pliku`, `idPost`) VALUES
(6, 0x89504e470d0a1a0a0000000d494844520000028b00000146080300000035aa25d2000002f7504c5445000000000000000000000000000000000000000000000000000000000000000000000000000000000000000000000000000000000000000000000000000000000000000000000000000000000000000000000000000000000000000000000000000000000000813a02ffeadcfffbf8f6e5bae5d5ca390900a86127e49641ffffffa26d43fff4ecbc9779030201ff0000ff83ac0703000606050b05010c0b0a7c37021f1d1a100a041a1817773602100f0e0e0600787877160e061c0a00723302090808682e01220f00fde7da27252114060022211f131210915422161513291a0b7d4207170a00d88e3d3c3830e194409a5924373432312f2e2215091d12076d31025124012f150144403e301e0c632c01eddcb34a2e135927012f0700a66026b879342a2725411d01615953c883392e2b278e827b504b48513315d0883b5e2a0237230f4a4643cfbfb4a2a09e291201fff1e6e2e0de3b3b3a613e1b391a01c07e36d0cdccd8caa47168629c662c8b4f1fdac9bde7d7ae915f29c8b9ae968a82403b353d1b01341701f7f4f2e3d1c4f5e4b959524de0d1a94429113d250fdddcdaf1e1b6b5a69cdd913faf7332573918aba9a8d1c29ee7e5e4d5c5b9c9bb98fcf8f5f4e0d3c9c7c58177705f5e5d4e2201d8d5d369605b6c3e19525150f2efedf0ddcfead8cbb5b3b1a66d2fa25e25c0b1a6e395415d3515260600edeae8f9e5d79997966e6d6c4921017c735e5e5747451f01decdc1bdbab8a1948b9b8f758c836a6665646c65523531288a5a27fafafaffeee1c4b4aabbaca2a79a91867c654e493b868483aa9e81877d769e673b824b1e815425f9e3d5843f088e8c8b714a207f7d7c595857c3c1bfa3977b78451c88450fbeb1909b8f87474336552601948a707b726c69451e786e67756d58565041b3a6878c4a16eddacd995f31b0a298ac9e95c4b794b9ad8c794f22b68e6dff2926f3e2b7441100939190ffb1a7ff948bff7770ff1413803d04ff4541ae5975e5769bffd0c3ffc2b7ffd9ccff655fae815e361c24d26c8eaf91796f394a532a38a8774f8142573c879fad0000002174524e53000aee5efc122fd03e1ff8f3e1c047269dc9683619b6d7ae92e7718aa650817adb478c295c0000580a4944415478daecc1810000000080a0fda917a9020000000000000000000000000000985dbb7b492b8ce3007e8e9a275f8e2fe7e44b99da036717de087b21430a76118e094d665e4ce8c28132c53168e246903018b10ad20a2386d0a02090a241ac36efd62e826c0e466cb1ddd560eccfd8633ad3b373ceb4d846e79c0f74759ebc78f89edfeff93d2afa1b3a14156d8848f43fa00ab9a6cb6c30823a4a23aeb35b496d072212fd131da4d566d2f7a8003355278c6457bb5cac93a2bf09d56a2c06a30afc994c8299ec1a2d8a88ce0d5590ed52c266d61970a35aadc64c362d2274288177ca400b646a9c10d37836689b42deae91da2d308198512d51d5ef2bd625e834ca0983129c811217f6beb5a89c402b61d319f4985ac2b1e1462b2250a41d03e760b48b71e4867668490d61e9c669096427912202d4a1c1c1b99948b159b340b5d62e8b492f01adc1484460da488b5109585c1d180ec627331523f1787078c00558a87042bceba1efadd4d68d778233c2102141e5764c0598b886e389ddb1503236e438e51b8a2543e942311a0c5c669a648c6639228250d26aef8685f09c84d4a515961ec0e46a3c910acd38d8c5d2bb51af13fcae4748dbc7dc8fe5521d06cee48abbcf73d7eff7f709ae30a2520360309029841c4d194a7f9bba0ae8d442bde441b5a4d46ed2ab55a015d76e7afcb7efbc5fdffff160b3f428373d9fcfe773fbd7ab8d461813a1dcdcc9d0984752b155472b7ce9c320a0c1084458d00e396cc9ada4d0ed8455f0dee7bdd9cdc5dc74fe2945b70e2a2c08efa15a1df84d607265c67116c99100ad5d9b0434c4a0a45d6f943841b3fa1eaeaf6d2e4600702e53aca641851ee13954d34daf89cec0642acc9a4438b284c3c9d02fe1706ca8f179b830e502f5b02e41346a9230eb954d67f07dffdaf2a33c75621b00f09c6277bbdaa415089fb549717a2f2907d1c710c15832bd52286626e35e6f20e0aa0904bcde78f4104ed9e15a2667428701504769e2f7510725091dd6540cdd912598c11cad0fcf9647951714ab1d213469b94e061a5dcea467980693d46134e8025c068289dd742d8ee94cc32083b7233c2527cc98ac89a9c4bfd43f5b9aa718e501344bb1ca810a237f4f3ba441460be2c8d810c37c1c1d7682265df6265231c78970a63ebb323bc23ba8d6dac4cf989cf06ffb412937bf40b1f2c035fb14ab859be0848aafdfbd90265a57f1eed283184b2598ee0daff4f6beb95515e9bd495fe1f416d3be931827ea1f197875f3ad20896e7d277708dd830fb77796cb87c1cf0b14a7e770cd6d8add36a8e0e10b0db5113d8d052d584c365ce0ac86578a4197b37e6b3d91272f37b63e1c7fcc66e71e57cd658f8edf7dda787910e9bd7eba74383a165b85612cd4555419ce9330c27268c3d54ace8eec29a77071b47c2e2cb901181ca5383d70731f1867fbc0099c8743202ad537b46717ad39af260bd1baab991b9183d7af8eb3cfc62fb19a187f7cf4e1cbc1e0b55a1c13e5c363ace802359806b9f814d23f9d0fdd0fb7d74aa7c11abd03b359a2383dba0bff6f916295af4ed26afe4dd29ac6f6ecca847c0d15b1101da8bde183071befb2e313979a32f1ece8d5d75f7974c561c07de9e869a695b68bfd5e6b099d1170e98503ca2845b3061ff453dc96e09a1d8a5d7fb5b7f0ee678c5209a8e39c4af91a8695b1782d3d7d6fb7b2df2fb5686eeb8db3daf81361f879515023bbb85f50cb099304b0bbe259dadb641e9347e163ff0b8ad31e5c739f6257fac9ddb5ff3479856198c3e136af736e5ea67b9b1143969ca417ba529021296017858143b949608378d9524245880b246a43d820532034049a40020991806808377fe212b28022d1386680c5444d367fd9ffb09eeffeb5e73ba77516f97c7e31c8179a9487f77d9fe77dcea90938ec887aabb0e51350e2c7be7e554dbc6816dfddace1f6b85744e3f2a440f4737e36d69f040987f478466bf747873ea79a8667076903a10320b386cec511e47f86f2fdb63261ccd1e3dba785e8431fa8b4739fcacf964aa2697ab931ee7fa17dc2ce77ea8b27e2cb7f55388d3a7b37fda9c30314dfc69e9feceac0f590a1825df4477c589c34515c9deeb7cfd5d97d506e349827a5aa64c30d7e4c44d6e9d946466b66a36ef636c746547c29bb546efbefefd7cfcc18bddd2f54b478886c39260077cf174cf4024037ddd5e9c961f0d5053c3e8d7a5b10bbe75de5a0886d40796f276c4a2c9363b50d71af030dcfa62ddc46e6de89f27b46898c0774521963765142d8999d2e5f8f1bc0e6637311af55cadad80ee39087a2b43385732ffaf94ba6639bb228a2bb27948a45dc924c3eaa8b7b6d685e2be3a7c613fd2f14c19da88d8fcdfbb4cf41da16673ab83237c36abe72b6c1d2c1162ff9558cc289f1762c53a3f72bdbcdc9ebcaf67c979717687a96da9bc347e36d4e01165f8a7fe127bb3e1a4dcca61d1f8206323a5d3552bbf5319bafecc80cf9ffa50a65860b99ac8ff72e34c428f573d23d6551ec1399f88c49adb5e589d52cab952398dd3af9f887a9a5d6066aa36ead003fcc7df1d7e5ecce060e916d3ea85910733b5b02e44559684d7a0437750ff59126bc927e4923ab4538b711a57fc4ee54ca67a56629150cc0e956ba16595b99ce04122c59c38f8ae23451f4830513fd7276a944c6773768fa69fba61d78a226c09933dee21b202864d412c2c088d7a3350cf1c2a89d553fbd3521c6ed8ac5152abedeaff071f8f843d9702365ee6b5d9b98b421d002b23e5e6e6dd664f11426e377f5d97d1219f76ebc756074ecbe8ff722a26f93eb6fcc3d5a0a79916bd2ecb5ca02fd91210070536aa7f725f0d0fd998dcd8a01c8a8eccf97ce71ead9b9524b21e2f2639987c89c9e9256799a435acaf124e91b99d36b5ac5f1ef251b7690ea1595f1bd8d95aeddbded20d9bc492d5b7cd9a1e9db7870eea183cdc51604d0cd367e329a6885110979a7287d2356b93678a158b45ce71dc5ac566dc9d2fe3853a6f1e9aec2bcaf130c221212f30a6fa5206953f3486b685cb26332f6c5974ad4ddb98146c62d9b3e21bb8896ee991a6ad9cb07485d6073b1c60990c1367eecd43e6e155c9d285d43ae8ab83a298c1cdef5330d6b32b168394b923ba74f1d35109178e19a5960e3449d06191f59f06b5f8ffffd2bd86059bc2dbbb60209a6dce4110f8b642f2d006eea13f234d8447fa6829eed968f03ea3a1fa1a4e277a58afe5cc035dddbad9a257155288928ed569e818aa3d77833dbbe1c470647c623e5f1f56651bf6c8438e3e643e4009873d185cd3e26aa720180f464f86bc045569ca75747f6acf6b20524145f52788a5c89b22d35688c89cfa7452276251ad84838950e18ab1aa57116f79882ecfe7b68a374e9dddb7692bdec6e97aa20b249c6c420db619cc13a88dac591eef311bb157ff9df94f74b54e4bde7ace7cd1a8265c20a18e6ca335f1b42c3d16a33ee6dabb59c5e595b9955b1bc79391500d5ff565e2016c6882a4236117768dd62f592a98cd5aa6491fdd8835400375bbce450b7db0ec183d858b22f0c446f551c4429978fb2dc4078369fa8d3eace4ef0031dbf93670803856908f31b93b1d101a65135bd27101e57fbcb4531bdf78d75e9986d074844b4bb93c7559d920d9f15c0e961f7f20c80540ffd11aa90c6e81416fa7a5d03c6ec0709bf96078c8aced906b26219cbe46be219b1393f3cf6f4e9b179031389d7b8365de4675e168023c0679cc4bbc7f2f8cb6f7817b87b3f7148b426fbcd9b1155a8950d6f3e003c603fe6a6bbdd1816d6d6fabecec5cb41658396a9f80df8e17844d6bc6b0e9e89df4b4c7cfa25c6dc31031bdfe3723ae1ff3153005981a6376efb17fbe30be0cd1ddf88deb48394cf768c8f709db98d90a961ee9a67d88f0db1e7ca1c96901ed4f7e5779bde2729e8bb9cab38dd486ecfb71167e1748936e2fcb75f8a08958c30858beb446dd0cf360118efc65f12e5cbc1a8f545f436221173871e78154359aaba3ab1420d21b93a2e7a260ca393c56a97aeb9b85df2b8b1d12ca21efc402b64cd326ae24cedabb274c64551c4bc818d6b08c0a2b1505cc13fbb3cbef88d48c28ff6ef25d988f77d2a4690d675acf43fdbd5e9b000e4f898b1b145aa99a9672ec66c4520c0dc972d793958eda60e37132d692ee2654c2b3488f81757c5b00a63622500fca0b19acec0c6527fe937c218be7ea34f742c4137a38cb32e9f279811610869ef5991bccc1c8eb3832ec97184d113426c6ce3edf243c0017979775712d0178d58b0115dc5ba2927e7275e48304838f6a5124f43f27692004c1aebc0b50c1cd9897f21aea5d7c7638cde7c70278188dd2d5541acab01800a4201a3562bf649030fed10819c862cd3d6373d2eab8ecfbc6c93740b3a27fa8abf71c7959d44a6344e9af0b3d54a67fbe19c8a8b73865070151b3b1a418929aca5e32f1d59c798f2f65d1fbf435835b734794975ce066009a749775899c7fc3086986eb7371520538bae550b6e13f0f85c87373c45cbfb967327a4aa88a9e858236ee96ce0473a6ecfaab2183e17f3cc00a6e71a695c3c5fd56717475ebdc8776440206827967f528d6d6cb47573fa972d5e98511d0780694183f0dd2610f1717494de102d3b8b05e7452a9e04ad9255378538cd926050e129818b6cdc0180dbe271c0e125959059420047ae5f46eb73217aec81604f3bb33b03c0da44893b580815936ab58cb329cb3eb17f56e3077906cb3826ea775c94ed1c739f8a8a9375a4729525144535e6652ecada858d04234005f732ed19812341117ea51bd2f285aca423f7c90ca99d2d3d039d14e3c687e30e236170b109b36c80f9988d791ee14fd26d63de07434ee0a0df9b92b7481d1a3de125747fdfafd8c3b8524beacf9820a8122ffca875f1a121345402d8db398a23ebea646a45adf2b54c00474a8b23fe57be79dfce77836e1a59ecf5b3c67b9fd256bdf4bb6dc813a6933d30ba998701175201ac01798891a10c042aec8bd21df6231070f1bc7098e08856c2b079cc8ecbe729be3f53e6c56f0d21a20b0046b9869cd51a57378c86e314b80d004ffa223c306e0f76b56d6745dddc42db3a0f12ca1333ede562277a986365af0d00f528da7a4772850902f09efea6c52d1f4a26b7b0fa2b3da9b96c99b5e051f1948180bf54d3e27cc8210900c0fc1b8331dca8ed578a94be0e1e61cb8d114de3eddb13a89bdd833e8fd23ef9c94b09619bd4ee355b9674329f5a60965b5f85e2e6bbaa91a15c0b0461af0e0d1d399d23e4b87fe75c94b12252120297d0348dd0f6cf3215a570041b8982785943385b5b6bc54d5a86037b8c3f02873d519140ec0701cd397f6140e9d5d184c4402ea58211c9cb4c7b61b430254e8f5b7ae1aac17c3b10f0810e4f5eed93cffc09075b10fe628924a057c18f6a427f16d7d1737c30e2a1210c00c0632e3996b95214376a9afe3bd0632cb8083ca2228018f5b22f632850343868426248edeab0210c8c6cc6e6b39a3d2e9d9edea15c50432fb71c90102dfd2e0af80e9d8dab906d94940fc35444df27c8dc9b7fc8635efeafbff01761018494ce98094c4e30cdaa6f68043f442e4622c4b8435912bb7b098744699feed38b009ce10e8c83cc332f6cb99d8c1fc9374120928c525dd49f72d925d93997f96dcb5d046027a5151b574d8a5171de9f539c9b9be387c3394a629185049c62e4a83e3569b7674ca94783066cf4fc12b9345e8cdca16de355c428206d786bb202809aa9ec51909dd57172a6260555f78100637ac9e19224009d1e8f8e9184cbb9df3837a7fe2b00444a43d45dc184fd43d0294f310b9598fbf615d998070013c245deeded41f7964d00c091c8bdb9878007722f681c296da1c90d4f7e98f9880e5c7e990e632eedd0695bc7e0a2c3124cc4a49b2587fd28318380777496ea3e14e0729f2fc04353adc676d87c8baf89a27dc37671d838c3651835b18cdff5887d9853b4b8f49be9d12c7d54b931a38afbb3e1b586a276bab53cf4818e979d15162013514089d4a63fd41519b74bd3e2937eae2c3ec18baf59c2ac3881a978212030cbdeb4b0510d80d62897d63a22398e6fc1db16fa754a5e0b4dbc8c580010893634b593fc6ad16eef83f15c0b108052301125dc94c8b8474f37ea7c2a0917e11a313c6d1042620d2b08c0c851f12f657766ad5ad8484802b012eab0bc078c2417370b2ef7597aa0df3442bd47e93ee11b34b593cf7a682678466d1aeccc0022d26f1e0e4009020107f46377efdea3b616cf9fc34b6882b1f8dc0960bc9340a122c6cf86f0710abbeacd71da985e0f2e76b2225cf44ca227bcd380a9ace75d6a83b1ca3f200211c84f44026eeaf0f3ec76bd2b96457e0f8dc3b3a9849b155bcb00d02979b9f2fa9a741e3e7abdf2fc596ba3d66d4f13ebc1c54506316cd4b883ec18b2e1718790a718914b755b4ba715518848468aa45ff412d5912677d4c7bbdc4600cb70301d6a1dd857a45311a3de10364e0b9198cc8cc9c72bcbcf1a9b899a29423a5a9e97dd0ce90b55b4b8030a67f5321ec241830ebed8f6f85ac6739c1a44341f2f39ac8d246929ad9338ed47a2b976922f8b381073a5915c9ad212f8e8f6ebad8b89c7d571c1e9e167816c1c0580889d248a1186148b8752c932a9d2b793b4b06327659987f1cb5cc93936ad8a9884d50a0dd866d4d5670e6d555f2886f330764287c60185944429a2f85ae7c56ac050f37154d5ae9740420496fd1f038f0ed607075097c7f292848d1a3b80d3cb4ed322139061a413517676f4f4616cb120e046b694ce5921ec5b6c00e6a38a54d86bd5d1470b0b2ffcd175a7baf2b85c032cd3b3cdb26c0209111085a2bfea629dbaa3d4b0f006c62a07eb52bb36d72268c2481812e923e3d6281d603ff03072dbbfec2778b7da4eb8431be7213863718e4ec5b97f0daf8c84aff32edcba96621608e99c9e2d12b988002277b5e516600b699f8d2a7d2bc23b26edcda751df33929c8b400b66b922b291aea35da0948af8f1045716b9e55fb0b5389b0a9096c82e8bec71918d84bc33d7d21160a0ac597e727d668968645e18181daceb3947283185a08c35f37cc0780f91f4ae6e8b7641acecea3a1c16ccfad1d29f010f54cf95c51b38a3807ffdc1b72c99bfe6ce9c12e8c78ccf868fc4c26a9e8ea6c9a5222e5d1bc1295ccee90cbcf29521bd40bc8c893e60fa820aa2afc50d9a301fbfe5d78e89ff84c5c59bfa390e28ee5c8ee04b3ff963c8cf09c2c50470d51081b248c1d1ab66c0b0afd4f9bd4d67a48e6fc8392546d866907aa3d8c07fd49d6954546518c735cbac6cdff79e990301d57b9a951906181806101d172018c2a8400543962022b38220a3222ac54ac1caa26c430acdac482dd316435bc9364b4f75ca2f1dfd92b67de8be77debbcdbc77eebdccdcbafdbed439011df13fcffe3e8f9d726f4561478975206cdc616799eced0794dbd89fed08fd62b0c4b47be9138c6e18271ec575a29331f79291d630e67e0e60739b303b74378b028ed200609c9f3293debabeb09c0c21d2a3a9270d20edaea815c33a8dc9cba860105b07fb2ab3643d736667ad573448a2498bd75afe2786913308a96cb4782b30508e40bf6a071832613ed1cd2cd229656d237aeb964a9dd26802aeb12a88a997bc2e9161839592db282c58ace37ef481b20290c5d3410c2287e3d27179e9e38d6d18277295b5857c997b16a52d3c0bc0e255e3a2bfffc014676a8308fbe9797e6e026a822e90226b9ae201a047e437c96a7b263dca2d6e5cb9adce0e72a04047b989a0601895db2f671bda304ee6b268dcfe638fa93829d1e2720450459e3febe2a19557cc23a46f03e122950163595354a9aed3364f6b1f18dce404597283156e13955fb47969f47f787030091117cdd6b97112fdf2dd14170de02931a90817f79af4c09b09fa7500092729551849af244b5eac0d1aab3a69100d5b63b4ab24d9dac498cb3b1503730ad773612f09a502d8690bc53e07f091f72d51a538c7a40f6e9118759a0b3d83cc2a15ae510818b745cd6d5093ca68b169c36814c79ceb1b2e77478fa3b5458c8874020d3ce27dccb12217fdec7b3889be9f92455b01fac90b170529ea844310a32ef72148b55ba98fb729eae6c435cd249e54d261efee6d757e2bd0411e5f47ad57d95768348cc63f3b74faf164353776d1371703a07768bb73002cd9644389420aad178e16007d2f2d9ea2a225bd1a4515eb362cd56e8552ceca9d350bb26433665f5505d533c79cbe58886134eea99749e2e2227e86eaa7cdf96f04c8f52a6911a7d03ae2f57185099d6ebc9c473e96e94ad71e1ba2577506a24ee7ecac73811cc8d721ecf78db7610c187ed1133106a9d7e327d1f7e1a77877d3f7b7fb4c0a5adcb1044b51474a32f575339389932e7b44c1493f81bf407e97c926390fbe615b9d7cb662f155953b3416bbb4a5d2c06d803128679089eeab6792a98834ea88ff3700416e598e4206ad235ececde854b1c59556a5a7a5cb20eaf3f96d32b75e9a96a5175aa364ccc358879ad118311afca6c185a4ba7813bbcb89ddae446316e945cbb75dbeffc4a43fa5facecb930aa37577b46b8f58510d51fe73c463c1bb9a76a717812c9640b076dcfd7a6da9b4c157e071a38b7872713676d1dfca69b1ca44d841f5cfa67f85461d0f490b8bf30715563940b3bc17af23e56e52b759d9b0a9394ac29cd9529acd576e74378c1652ef366859e7446e44874ce8a4252868911a3092b525fa538248cca38b613c792ab0ec52bcb0b73b6a67a6a897b186dd2b07d795f9b3e4cd61e3706d89c3141be59ab498c9afdd3024e772e122c9a2bf51d02265aa7b87e09ef5a70a8522461d9241f21c52e9d5caeee8a97613e04c7a437a619e1d644199fd1473a8bb61bcd666e46bd2c781102e3e8b37e8e06d8bf4b64ba7b077768758887a64cfcafd97b374d9b57a8a8a6af7233815f647bbaf161d4f505dbeac478d31d7c84e9aebc1e21357f38141e626dfcb008da2559fd3881abfdf4b11a2bef4030bd2a5ae330954048cbb649e0bf66e609c720144c1c6d4b1bda6b8e2d06618f985e706e43c12bc3c48ce4ffa13642f4f654a3ecc9fecddfbc927a6ff00af47b7f681b03da232ead30057f8344ef7c0814dcd2e882ec3166519ea9f4adb0c9c4913a7543c1fef2de1cf43525f46db4a4cff0e8eecd2e12a8652fa5f5ea76e056f61ad105a1d6da0b619ab95cda4d774af1cd8b9a9aec86507792cb93e265bf63a4cbae0fe651c4efaa8c9138c0749a317e1f59f5703a46d4ca0733b02a830fd0bb82b32412040c699c5d422ddc67584cb9c7b94967f41c3b29d9b6a8a9cf6e8d630d0d85191adda1eea1f313e6fe04c7aaa90baccb600f89727c8b000272f7ae3280f920f6e5a655191338bf56dfdee30279dabe34ef40b494bbaa097fa66b97775ebee866d4f803228373338545be236e98ef797713c7c39ca784e7aa2685eec7a322e261b307abc8c5af4fce556f82ce41ce9606bef9a17ba77a7e7590120b7546a587ca0df1dda93b909ba6de18eb97543c3b675bb0af3aca08cc5d739c41974fdf9653c6f0d8c97499f0c216e208fae5e93df0acbeeba737704f58b1a4b2dc0621fbd2b85b07b170200149488b103747bbb213c44b30e74afdebda1a16134bdef89b2ca0204eab0606b18834fd63d7bc935ac9326259d8c64067c2afc8b0402fded55ad079776744118c269ee4e1118d9c9da214f8564afb78e8fdac80e0ded78323ba92ad41f47bf9263bef6f9e73373733d36043c974c301ac40a2cc25a5c08807e4890e50727b0549974a1d60621fc2fa44868c0629404abd9ba5e453e1f34826c4c68583596adad9fa7bf61bc96e1f9cc4c4682360b4210c6d186dbc67891e8a9cb2272a6548eaf810175eaf31bcff6006120258c75c0d262e2018c4efd03e1b6883296d4ccc696fef218ca353ad4bbb1029fc70ab45810d030eae018292f7e88b5580ce0a2a7d1c23d71d4a24fee52ce4bb17024258c263b60d098c344009e5374308c271da5c6123676f4d7fee722e4a8201a6425884015174c301867721d40061b80ff9e0459def103c0b04917bcbc140b1a5222d845acd09089003c47e9f1e9bee8f8a8b51a5fcb700533d86020dca5588516508751dfa69ec80d2f3200396b4f67ee02206d401d68018ea2a694080e0046787083b5a8eb7acbf38ea78d78f93a87c7cabd2603c12c061cea6ccc55328405cec2b2aec7beaaaedebf7f73dbfac42e0861b427582436ba1e5fd1c04734707951fe884040276b30063c4fa444b21208dc2b07fc6a11e959279b14e6a6874b0c65074d262c429f07a2e02c2aeb5abcbd7d7f5b7d6218ed065d0c4a7ee7f349a97b56821c9f2280804e4621db063c7d142d36010191ca0e6e145dadebfbd4934f3c1a04907194e8f09654b464229001e53b2b0be76ddfda96284f3d2201a3c18618c96f7ca692167ffe0600f59bf4a10a546a11020eeee6f97b1f72fb61f4592271cca45305db986932000e6f7645553033d50614acf98c1d9cb7eab37d6beb6f4b5422cf90d7f6490b10252b68f1ee8d08a051a760d19b0b02bba83e9aa794ab2fde3aff3eae2bad5367f598d32f3a01224baa7bbfffebafbf945edfeaa2c25c0b4d842eff9df3be7a65737dfdfa44b5cc33e43be9c9a2b6cb4c72748d06dec219c836e9433f8828ec4d896010a416aa14cf5b3efb346718f5ba14211cbd2937f1ecf8e90a96df9698fe1d1ce52d5885542abbda37df96986366c8792a5135ed86acea102d5e95ac904763b3d86fd2892088700da444d0073cc88bfbd1ec53b1d9c53acc315287bc914390e2153c3b749f2476d70e070340236b41d7575beb9f348b78325135f560c4572f53c45a4ca59f29255be3734d3ae14d05316529e1f46681403f63297c009e3766e331745de742492340dc81fffe0a113fe9681abd151d8dd434d95ed8b5bde7b617cd11bc9fa89e42e2510c15304e129fe99d0e90bf9c5ee6463852d305613456b607b80908a4ace366f7822ebc79f655faae06258f024533c44bae90f0932e9bacbc632d3e0bcd1656d66cef599163a6a0e4a4ff17551da2c545dcce78eba7d4cc651e8045b7b24615482994ce468c0ca4818800f31d431600b02c9aff253772a2472a2d5c37b7f081f25fbc0cf5091add25b5558d015ba40cf30a1fabdeb2e2297334be4b54cd96346e18d940085a24cf5d36526b8b4e3c99a0179910465d93588a0df9401062b70a1b304cbf3e15f47b2b4d521771857fef15e1fcf449fc5a283838b42108a3a0a86ecfbeb6a52f9a1579345135b75592934d461aee9668f10dda1140cc6b0850b6492f1084e31fe44d63eb3a3b48c9664729d890febe1fb925123a448cc205269f8970d91511fc1517af9c5d1accf4a0886a4dd13cc6293f996356c78b89eae932e00b2c89161fc46f0c7ea668d18f5da36ed042a3be8111366b39e08f50ea980993cd8a71610699a9d5e5b9ef791036ac46ca391262368ceef2619f8d5236aca9ee596aa6137bc0b88a3814231dd89068f1010b7bd12782e5a4c6ac0f5ea062f53717a5018552f26d01f16183a3f4a84e9cc3a7ee18eca2295c16d39f7dac8552b3c9eb5ab5e53bb306b457757aacc67b6840b4589ccc252fe86bea0583d4b877a21d1555a5448b5a103e15de46c0e8d842381b581057e9de71058df13660b287829e4819d66def79caac82a5fbb677ddb9c0e9c49dbfed5b124386514385318f4c391928609cc4d717311fe2ce0b750da8cf116f6bd869034b0756b85bbb16459651bfc3a9649e4e5851f0c15f542d7e6fd28cc35b1bb445e6cab3b6ab74caeb5fb9138184ba2d58c11a9cf49da40261a00aa3a045ae238d964754740ae2fec6c55d15d211fb5e0181266a05cb62018c5ea363679c2a9d9adcfb13558bbf693a958df3e50e5fd8c4a1b5a0f0b1cf362fcd51e789dbe63929214de5e2fa1c0d4e7ab1f10e0f112d5ab012c99eb1b7228ee91301c40de16e9005bbbf5cd084285a680181b3e3fd9488bc9416e687a7b1d28ba5ace3c0e35e618e397f41cdf6b52bde37abe4fd9e3bed4027bfa6275135af20c3b5a4274388e4107720ca72a77748b5375eb85b883d238ffb82a0058bf8275980e7f8b84f484cb9445ad2d921a345b55bca4b86336d20c55ef319aed9a8e7bbc57690c7be38512d9b0b0cb7467eb2f0541f33733a00bc13e6a25f8aeb3cb77bc80604128b8d81167c2611a580d1290c9f32553c4c8eab8b74a6a9f95397b6849bff82aeeab5ef9bb5d1e684e8d46dd158ed06e38c47706b23f082646e77bcff7ea98b7e1b0b204e38aa2c40e00d63890764c82aeceb6bb6821869e48ac72a904eeff6891685ffe36f447b5a9317f75867207cca66f1fe1566edb45b4189b4768d338cc6a9304e841078fb2277521f7d21a9772f7f1d201827258e3522906273e3db6a742a1bbad7ac691acca3a52e041f409a5f974d4fc29b972192468f478b8eda96b03cc555b38a9843ad3cd5052ab0ee599aa886fdc65b0a0a21ee205a7cf64b0490ffa9a4199d16a734da5bea4310413f1e8ea092b73285a5bb08043cd2e212fed697480835f5647db4583a5e2d7a6b3ba4cfa3f28be6b5b7e1d1d7f1f0e8622ba8c1b5479d93b61a2e7921cb63de4b26dc8c53e9cfe74a5297f88cd196d2f3e546b6364363670a6100382246342af00d10522b43e7e9a34562893ff9498b16ddd9c33e0f12f7f4eefc6aeb8a47cde3e6c53d622966a5a5d9652de3aa44351419ee95f454d12d40be298d5e4d10f8221e1d40f7909c23460e3c1b4b61c16a7e54274d3c1921a11c2fbbdf8848bdfb0c5db458ae558b8eecb1a0f8554016d34d597bdbfbe658c859950504b460ddb295adadad03eb9aadf430fb152d01a371d6ea90dec235c9187e72cc2eea04be44fe3a62a03c6889da47a9451049df9a148e667ae642cadd1beff1934efff97a6a71afa216e921a2b3a6ba2dc71c2b6dbcec0afaf80f696fba9d1e68df96a8cc76c3ed61243b4ca627f3cccc004961e7eb18b5e8ae9533897cc9c4d10891ec7a21528b0137458b6fe18f0bcbb91375d0a2259bd7a2724da7a4df27d16157fb0a733c78d44919eec46aec031ab35488718be11e0392f5d4e8c1649ea7537198fded5ce19806942b3714fa3b82c160675569798943f25f860208a26273905703f23eba0042a05213558b0fe743880bff0b2d2ee1fea8e5921a62c1bccff08380f8b098f71677452c61a3a1227f596a35da65736ed9e07d334562bc0a17aa5ebb5da516ddb59d9936f149f821d1259d0e052592c4a836d289a3d111f19354d2bea6f9e884fbbf519890d0518ba4efe2c8ee104788fec7b698e34822e7a137616721a5064124cefa44452a8dd679e1e6452d4f27f33c7b87056be1e5b9aab448317c9646be69ac28453203d4011114b4123fe48210e4a78a2947ecb3886fed24629cfc1f68f113e6d3d8213c5241cebaf6b589e678f2e4624e6294c7e3dd65100952914bd7901e8161c6c62601e19ad92231bec1c68c6f3facacc5ec4c5e3a85cd4ee0404112d98122e42fbb1322702e631cd25d839c1473c98f0ccfa37f60deccbeacb04342472dfe561b0c20e197f0d596f539e638b38f4b511a52286c488348fcca8671151fd818842940b061c3c833bf9855d45b3f632dca1f76f1727d94a20676c7f69a8127ac9cc28658871a0065fa43dd41041158f3f2ec94bc45da905ece2eb60f71c249ffb2167fafee42c091d7ce541075a08bab958fa450b8ab192241d5894a6c35da12f9e380e3de079245cc9c8e42a6f1ee97e4eb8b25446905e9a24fa91308412cc62150a6514568893223a548a6c66ec1fdf359f15fcb41b488e46b3abf6fdc9e9e4e94602dacde2cd7bcdbbcb57a15437bcff892eaf54e7eef15956d40c1afd80a5c01067b0c38f16820d8de481673c387366070bdfa9aec36da0a0ff1a503e4f32a6ed99143185e0f2892eb25dd6a79236ae9a04891ac9c70becc58c68d5c59277e8dc00bcfa5d617058bb83d1d8343087bd7569991eca5ed354e10b0323e5c73d1fb15e05d34959556a0b03f51897cfe75b941980a142f8d997d2b6b1a513ec83c8e1eb310cf3110164cbb78b75a822d9722a8969f6ca42bd712a4cef2f2f77bf33eba7fae2beebdfe2953a93d4022c4d17402b816cbc9ebd1f6591499a43d765bceb85c34b4a650e9760285c712952833da26935381e76ae2a539aebf0608c15f293ae074b36e24dc67d845deb7dc028a5409a6d60791d870e849a7221730ce8ff01b6ee271e2adc5314e8b826b1694b86de7aacd8fca28714b571ad04045abd66bc9a28b80d09442a5290f2814aaed0222c38c8d5d00020b93c3b83583bc8799112e46e132903f22a01e7902383a4882ac58d5e1c91e0e488518ac70447d4ec87e397a67792529eb4c8ab716fbb9399d4821366c687a53b66b57660559f2dad5577d56148c4b8b56c580b19ad88c8b2718848b80c88d2decdc902c6566a8ba1370cf08d7804f18a789608355d46df6668202e1c780bdcce24b5fa627e0636ea7a8b8df539a8923b6e5afc6bb1178f2b1e1b3b452210e6e68baf1f2cb6f94c937b6a74134ac95aa8be15b1010566bf1d1b056f191b4d360636393b8fae2d5ac65e4db2fc21019c262991126c6310484d6a81f544f89a95ccd3bd35870fbf09cdb0fae38dfd0398e68b185d7224e9b390657324264a0dbc5efbaaca080ab4d6bea020329545ae9b2dfaa984817192c913e9d6b022ec196112dbc3e428cf7e2ec6286d44bbb05633742a978154a060e835a1eb12843af2da1b7e2dd08245a24252777ffcbe93c0776bf807528abc5f585a04c56f58b6635ac028ed1142a0d4045b9c25847ba8046191be38a3ac5cf4c9b0e0c196f3c102e461bc0f00ca918871170a45028031e5bb6c96b0309d634d7e1c3875df9286e7702f0c94cff475c23704afce6e9c89b5447a9cf02cd44883b3760217298296c5e006a408b5589f131e0f0a76028e13915e547817b8cb6e18954d132a6254d4b65c5f3deec6429d70034ce6010458b3650ab45180e6b36a7fdf9f7c183470e1d3a72f0efc35980897d40d2d101607de775ae11185f2d06cafb1b2d7870080b719489122f1743b38a0b10a822ed1535c59d79c0616da5868b79e3d562bbd1363c715b63de4d4a9a333d24cbf7a451e37c0ba47a2586b11f04ee8aeea321e0150f6eff79e44a1187fe206aac8ac382a8d7b8ece58463e23b4f6703162763120756e32891879aba3c390b3890b36cdde8e8e8a6e67ca092bf559316a166846216d361bc5aecb11a6c3dedc5c4493f97949474dd4d36c0a45e73c77c9175fcd202a533c462f481c06eca27d5050288d1993b40e2f583578671e83089c9622400f0fa2d9fc7773cf4149050b9b3153b67252de6f0dab13637748f84f4d23a5a8480827d9f262da203919ffcd1b4716bb1cd65b0f5b4279132daa224ccc7c54048bdf7a61fdffbf0219cccdcb00802334462742010484f89605944625281800111294ac458c0a6dba6180902e4ddf30eb7337972fc0f495beb7a72b0f814b5c8181b425fb738d96d061a0b94bdf45720e06a8848a2ed2083f2d8d80a3f773acc201c433a2f19739230739ecb00095733627c0341ed0c0c3fa92590b726258c35d260dae260d41b64bff4d095911cb492cdc731d181ef0dc7b9117831f038ab6f339b6f54a3c5fa024ebccbc202974d56aa62cc4a544b0ce9605829d70e72b4abde3676ac518a3adcca4bf4715288398f5f6d030174efb3c93317e1ec8517e33088d915ee37d2ed915b8d4b1a71b078258d3f1000949862a38abdc3fe16285729b4975eb36af6b1d6eb4d155a7cb10608cb2202bb41a090a5d80edc0f62d02e5150b4bacf0ab2f4a87e0b38d5301753b95ff9bd5888448df7798007cdc7bb4d9057f0d22d20c61ef65b5f9d06522ad8de1e92d3e211fcf5e5b16bb16079c2722099e185f1dcd7dd63c6a8d3e2663bb18ab4f9ae3a6a58a734f2b8395c6f4fb4f68e30d2eeddbd2e0ba250af6255b2d1a6234e26551d342749c492c717de377d7a8627d4a6bea1185a66f0626c040905cb2452744118435cee7df84a2a87e3b054af337427e96dee786a3cbcce94a3392d1294b598c315039b9b680d129a76f27b94c717c3b057369795355766e17fad1b1ddcf68413222950b3f9ce68d311dcbb54589814c9125be8baf4ad804a7831fac2fd4c0d1fa5bf306a971bc30982fd08dd4913db190b8d00fe7bd8eb1f2c27c4a3de3d99dcd4f8cc4cb851518b2b5cf46091b00b28d42854bc73ca400ed4bc7b047bffee3e14f963d5dc79b11b6cb49b8fd18baf4b0ae7ba69b84d7dd3cce4078a21e8e6b418889c823ab0bb69cd9aded686322bc869b12417fea66af1ef38f8e8ccd05dcdb9dfc471befbe4a924bd50afc53d5cfda73785c632a0e0529af6de037234bfc0c5a23510cef64465da5c064ba4274c264e1a3e4e0ae7dd7b3fb601d86e65d68402eae00c632e2d06cf2b2af2dba38e2766e732f5450a0763cc5d4895e99b04861f141b81daef5e3d668e12304ab7c6e673215d0a95bb80c6674a833a56a06317d298ee88af11ae992b1775ce9d6018b8a2eef408c3f85cc69245a1b7300f6480a582e4d23ed04415df36b6151ca16bd112634da79c5bee3cf7f3f81d4f9d782cf176aab5d8234c31d0a1badbba1c8561da42a0533722ffe8a546dd0a79c36d043d1de40ce335e8ddc71140eaf5ec9e9dab8897d6a8c521d1cbfd3f695a8cfd94513f00fa3601a3d808d4de902e7c314af2f226758ca121854e1f50c85baa5861944253fc4abb34235aabe5fe15182691e67bd2903a2d49ca22787cce7d386264bad208cf77b37482262a441b4de08f43342d76c4d88ef601b86ee1afaeb39c17b786f482efd4068c778e4b8b76a549c67a3f5039203fc458b65edd3903a3bd9116d676c3a267922414336dea69089f0ec7e33a9c188740132592fec8e143943cba3666b3086fdf9dc0f2b6c27cb7f626a073bd4a2de6d88130a8458bf08ad2c2bb5794eda2b41798b555e5f15ec32d78125e60d91e97868c19704dd275c500e847267bc9000855196b410bc82199c1b6fc7924623cc2e68e2d73f1897646be0a719bef3e8dd8ad7a9501e352508a178b80c61ec5ed8bb334c68b35c42c2ab1cfca5de0360e538e8710198f278941705f52d2e3d87bdf90fcc04260087a67fcea40a0015fd89921e4fcfb90588a7f2214e3dedb3104300bbb68cc2d48a111a8b9f182d69ad5058c6d000a79b41568cc332bf70169b8ba8506a39f621695d9e232dab231b6294db0bc9b2402607a52d233a9a12dca4f23565a8c0df3c99ebbe96b8630d070f8290304ce8392a1b1cc58cc2279f0f0cedd09840288d78bc0d3c927b4ddacce49f708e908fdc9de0050a9332b520334fa78c3b88936a2a34c5b21998e98602098691d4afe3207bf3dc0d934bb2df486e980c92d95d94c62dd867f35dd7520215012ee51873c00ce3f0e1e618478f00f3b80a52226255674e2fc42b8bdf039283402357747bbccea9cb410d6a106e5928ec09dd1dc73cfd6ef64eb3aa87935990192da59f547cdbb48d5618291987214102c37f109cc3480abe630ff280e9dddf81142e48e59681e6319d70340d4eaa280bb43fcfd9631532c7880c1fab0e8f23a409c1a81679c45ba2851b5f826458bd0dc4beb4783762d7e0550f6248e45e9b9b4357d65ebca6dfeb01a91e6bb806098a93196d38e078ee94bb8b60b7e07834bdef8d12a7bfd8580a2dd1de815fb694f09fdee49a78728b125c6bc85ec8d10d808849823f289c45958df5770d2915ab4ee1a897c0d50370e2dda01b2dad800c00554ece1170d9c94db578a5bbb0d3335c672cc05470347f17373425a242e7b8907207566f2ec6bd8638a086864090da974c9612b3aeeec8a8e60b073b836d6295a1b40fe47e2535d3f00c725c7c569a9c60a755aec010114b1c3a0771d80e6787129d6f5e6d04f77821aeaea1335b0d570e7af58269e0302190bdf9dc366d0366c23afc38dc03766b3cf530b3efde873ea5a5e21a91b1499c56c93cef8002a6f4f10710b701c7d7e9c5e19eca738698a16d74abc6743580ebd0b01465b1ebd4f343c519f07ca142e35276a60335f00331613cf061196e2e7963c1e7a1fc88a1216cdc7f56edcf79dfb2a2d5ca46a71cca4371dec44b788fb81e78433e25260846a75c9cb7a10635d278e199b6a40963dd11f472f78927fec0a4a942d356bd2e20a30d84e9d7fc83bf3a728eb388ea7dda6ddf7fd8181a41fbecdeee2eeba8472ac5cc321870a8a29228709d34124871c1a221448666354d8408a1a1546685a213a31c88c1d4e948a358d5a638dd938d3f107f47c9fe7f3dde7f93efbecb22bcfc26ebd669a11c9227af3f97c3f3763da83338083087f895a5c18490d236d6304485d26ec812d0035c68f1f677cc279681fb3d8e9b46b3c38b85f9fb46b47b03b271dec200a38129f7c115f8a1fbf130e888bbacb407bff88c6d2781b6736472a12c11df16747f0bcbec784fb5fb29bdbc5ca2125bff750c3d81a96160960149a10f08c05c73b2fb12c9a19907941be6711009ce1b46806078feab3de2983d3a2eb403a1dd4d84ade7cf3abe7c345c7f1ce974fbe630367a26aa5a766ea36a70e9d12fae9c3ca266f378b7a8c1dd4807aa9c5387feb6094b9f9360d2d5222004c425ae738001c12d2cabfa6829a285cc4f89e9d5bb1ed73005b171de481cc0d134beadc83062ed89d93e63caa2b8cef7cfd9a30a3f26e360135e63e5c9a933ea0ca2d8e52111784720b970b53a3b4e3e992739dc1de6b319d2d21f243ae7d58651af760f718009cde1d566e0020df4a0bb2e71980c3f8e61bcfbdf7f2ab1980c4cc0f9a0c220052b993d7a90091496c9f893e1b0115727057783907ae087f12bdc67b1f10adfec541225ad131e5b9b691516a45a3469d778cdad5728ccaa8e8c6192e2fb558e477ddb44aaebbf7510232c538f8420032d7d03646d10cbd720860f1d218e0b1c565988dfc590ddf330fa0609d4a8b593b0db8b7e85a5d66240f7386d1a5163b6de00294a2f32a262c31f6d4598112df78aeba475a9bd75224baf6a14e8d6764777b4986d966a42a8c3767e40f0de0dfe4bd163b30e570959f72e3030adbd8ec681f0352232c4eb6001897856c8ea38d5e739f01571816cf099a1c62d45a8c03c85adda44bf47287422e0c775d63f9e082975d17a5c34b257fcc749c5e3178b8bba5ae311c28765723aba187fbe97584c241a7c346a1de70caefcea5aa9976f53d334122ab6ab6237ac914a29726003819723e1c209aae285e009ac4b81c60f1bd16cd548b352071fd840ce3346081b4cce76e3abbb7c5832619caf24b94ca45f760fab0049cb1a3d0bc21d41b0a41c26ff6de69720f3fc3bfcb24dddfaf240076b1b8213d0717cf73bec1b6313a68f288914600658c004929ad163c3136b1e8850ba491675d3776c7360287660f591cffd49313e903f56a938983fc3ed4e239ff2cbca8b81a6b82266caf6da6691decd6f9e61bd42265e933ca83c986e48ff013934432c077210a364be9a7365d76ebdc83a28875691855337bda416e89528b66bee8f253b0cc60b60d1c1831aef6a916bbfdb4f0c273e34c7e226b3812809487ed3e4d53615f70b303f3977eb861494c4ccc331b572d8f9e1b34a9cc31001c0c51f0adb4eaa21224664dd32390e6b6de7cfeacb38746b697801671cad55746ce2c6ee3ff7c6d5d7ebadd6c8ecbab3fd58d2af5a9164bfdb5f0a2dd5f9b8373fbb9d210d64a9aef3e63a4f3f5fec0526aa643103664703c8c0ed1e206603d76eaa896763eeb2c4564201eb4c0a2145648158c053b3112dad7d7d0e5c9cada9eee0ae14ab5bae391f6255657f7857a06c1d511fed535a6e666dce14112d0301a004cd8ad5390486bcdfec0068078ac47cb07af2be906533dbccf8d4c32186070a61195c8113b045a3cef08a45fe25c746267f0043847636d73b7ea2ba81d4b2fc8cbcb28eaaf0ef5002b1601fd67445abb8b8ca5bb5748d14b9294efa6d3a984d04ddcfec00275e86205b094d3b35d263dd2dd98dd2ae16798bd1f0728790f575fa50382f676028cd40325ae4f995c1c4a0586adf1b0e74540bfb90ae83ebb66c119981d20fd6f2e66c726fc00da1a712044c11752e8824196c06d77ea30af6fab0df694ed76d022eefdb73f137625277271f268f044688853679c1adae30161e18fa74540ffeaa675e66ebef6b2304b7a8aedc4dec4a0a9277a81b87851e6957a6abcc54baf99b8e9f2663d8297ba608fa94e04cf3016c6067b4dcfe10c7386548ce9c2cabbb5855b73c6115ee7591170a67f2718e50d64590be57c77d29ab0b44cb67076aa99430b3f0795d5e8f33600cbce30858f9ef1881e55c00a6f8eecdac11308a673bce3b09d2a6c6cbb621b9eb1c24dd927b1ae61bcddb4381ce4dfdcc9a2971d184a670110a18df118eb4e9c6a3e2400f54ab3b8e9a0b4a34f11bbc0837a042fa9de649d6b33607cc22b7ebaf223fbc653d4a4b238c92cd9d7ce28edfb5aeea7af0222d9ad5813ba16f3ddf4a5989b46a317ec099b5a16d10ae4cf5ca29b5a0d6a16a9f14666e9f14eb1567b750abf280ac6c17a36f88ac0da0c19a06543f63aac95feadae3a6cdd4e5f0544b25b7170c3348c2f46c2da18296479d094b2c8002ccfcde8053aca4dd9098c997a2c0434767b17565400c7b8ab91bd0ed3c7f0b4b4620822141c90bc707050d4e0b620ed670787c6cd7727b12578f4d78261ccf483487aa90980a4feca05d1896816a5d11c64623f8ed770332fce69c6679fd5bc4f396077e79fdbbb82af10a61d2bfd6094bd2082454a5850d4d85d4ac081b1df7d411a6ba5fece0d3781c4306b639432c9656cf879ca98235eec3fca8d002eb33bcce26a90b9538f52286e04d56e92d05263ecb974029ad8f2fb82af9852162b5327ddc3ac5f83944ecaa74e3b7da83ab43a9b93be9bac770bf8d9f12b974c9bc55e8c18bd344b63fb5b4c787872aa88de68a257a3b96631f1be0ba90ca3b481cc2d7a0cece3341edf23e15e8cdbda33c2c1096b637757f095f3130b9687e847d97ccefca781fefec15abacc2ecad3bb43b5e0b7d357cedd3a7c21b0ca02405686b5360125792ad23a4b97bcf0d6331100107e707388825fbf0d0720a777d3c0e553034044962e432ff84cb1956a5b456d31229db5edf571b21e8d89051d83d5b1c113e23048a4a3c75659ed9e2e3a829f081cf5ee9a23fc77faca55b7ce1e348c3952befb53a090c94febc857578d4730b1886cad97d29f02e55486396b75d1e2d5447bc5bbcb965a9e9e86da7385edf9f9f915eda303dbaea8fcdcb56da0bbb67a84fd0331783652bfdc4040c4d6e9f8f751ab68051ee3b6509738b20dfecf03ac10881b9f4e10719fc91ac93092c97f31461b8012bf6f6b08c7e654fa8215039735548596aa665d3600df71135f6973dfdead3fdb078bf2a2c09a3ec6ba19b395eb6c99ea06155aecb6b13c7709fbf4d97127a46ff3ef461d6e4618ca141d126d69615bd808f464b38a3edef67d83410b82a75dc82fa2148ba5fb86cdbaa4ceae65bddda16e5c34f677eb4f6cbb191871521ea88ef965fa0555a873f1db43abcdecf74a434b8de36e64ccc3610cff6ed41199c60a814909722130b29cf50792a783269739f368057afd26b5148fd0d77a19f5d029c534ac695a313b47172db20c637cbf5a8b3cc113a3bac36eae6f51ef8ec0d605c658175bc5cc86f8bb417ecea2163b4022bb14cbcdee5732a6e25a033f6fd411b976baaa43828af0f86e56085c30c9c597b708406f889a6507c3a9fe5244298240ceaed9bb329916f5d9aad3e14b2de2b2cf53b17cd09c0a3c8dd4fce529f6f0f444a976fe745687a354c56b43a36843c7bdab313310b4e878314626b0d63171547a8d65f246f2f9d7a275b39314f71100b2965ac5d5a283ce59883f3418bbe8f160ccf3a5166b254d594bb9a0a5c4b9b547ed978b98c78e45f93217de114a41653e3f6e73c47dfede34c65fdc601d129152162f1760f2938c1b01c8911015eb8f8040d216fa5614bfaaac044c3fa11675793092062e76d1f7bdd8ad346f48ec98c6c2936d424907144d9583f1f8896af4f528ce780c9d2539678f3b213ddddf9bc6f8e9d4a45df28b716d4ad84a90304c62597a394d962d0bd188a02169354de624a114054e0072a34e37eaf807a3be5aac45cf9acff7ca3a5388591d26dc9ff04549ce4afa1dc8436fcefa70f023578c9afded88b45b6e78946f1da3870d0cc7a5da0611fe322d0e9a241699006cdf86f09cb703ae870cfb4574cbcd09d854a4d332ea1b3477763eab6b4e87e92e55f1603c4b402263b0fb5caa22ab3da6bc24788afbea62bbcda853ce0577b858bf389a010c7f6f609498c60c43161ac626a943620bdd67928adb677d8f746b0df6f16671d3178740a04970d069c7224080be1571992ef6e94c9499ac1d8117a39e299d9e7af5a2085965d9f4f7aaadf272ef52e697fbd0a2ca7fb2e7b05961174b07313219d52cff75d800024c8b57dd319d2fbe2418c40e89346a79cefc40264b8c7397001e159259d61b0e00a42d256cf7ca36427fd9bc10bfc848b9baa59393ae558951cf4c77859ca8617428ef05f69951984cb86cf2613b3a69a3f827474ab35936323d231e10a3737344435d01e61e03a58151f5628c9c2d1bc666a147d000605e4f2da36532d28cab0840222fc5ad47897806244d68d7c80201031d5a640522bdaec65fed62e8e5d98958c5d896c6fafcb30e973cc47cb0dc40deae68e31d2934ca891c74d2e8d12b9439a7ed7d15c0a11dba94f69730a11a024c8b37cfe0774824d00e89d56129349b7c645d0175d3be9fdc7fc1809779657e148d85a5264de886b0a80e1a26b123950f4d7cd6021b444a341a1805aecc28f647513338c6c4580748516d28ca7190e571aab78d6647a1b513c3e581709028a521384b2876d1f462e8008ad6f505df86c363760212117bf792c0d2a263ad7c96c23096091d12841641d61d050083af03981740603f77b1e0a8510ca0cb85ac620e01819caad98c61f9fc956eb73ba34283750333d6643056bd152adc9ede7896cab1d48662b4321b66ab1fe0cf9bb72b3f18a56135ae54549277968f57ea6dcc24ce7beab1c79e2281d2d88ddca97a315699000caba56c5e6fc8affb0080c4f8ae0283528ce796c41f10ed81e1584a586ba56814c99ed93239a063f3fcbd7256472f3a41a2be4f6b9cd42aa66b0a8027aeae817f5d42b6f2834641d242c798faf646dcb95099be3ac75932b24050a2a04543a03476336ee5c75377e5881d12bb2b01e0d0e690cd47a37cbb7471ee2a034094a2496cd3d65e1b08441e4b0b4b391e29fe720f86f9185ea18bbe4e8f378a5ce998005d851d43a5fc010ef6083d170f3cc63e85c8e4d20aa31b5db691fae55ad471bca4c5d0ea8e786018b30b1571cb61f9108269afa0c3c0d4e22d3378c378c200605919969603404e0ae1ecfe44faf87841ff7a2046d004205e21c5f507cc20606a5b49ab7e442cfb25cc56d00cbaf62bdf24772078cc9f177fbff4fbc558598a5432511d28e75040ea7b304ae1e9c7748d822e8555cd50f8e59131c7ebb1076f4e8e56343e5fd2d851784e21c46d43058010ea9c03568b8e503a53328c0b9ba517e3316a2d360b76eae7441048c678da0752842f6429be7ec8284af1d35661267f2d509ad028aa82e8e977e8fa5feff9d291bf2e3f21f2c7a5bf316e2ee4a7fea3c011261f061ed690d8c3d7a3fb04d9f5d57677d7fe24873a25cac3d567852e1d57d4764481e39928483090b57803f0c59761aa4b2194a6f9ee5e511f3f00e59968fda5980cd2e17ce4952346a0e4d2154e9526311c3c81f133975bc4848e0edc7e1373931edac44b7f3cc1b8fc9764084bf88d8b2ce2202d5d8de084ad417c45da4041c65863bd390a203c6330b63311fd720f95391abc73aeb4585a976d050912b1176da2ac45dc6c1e38cc521a46cc991c9346a56deba58950aba4469debd3d1546dc66f1cd9ed03f14089aca4ad10a7418024d1af09c1d7acbe07e36fbc4dee4070c3df172ffe154b8de2852714fc7151d4959def3deb00a4a2211b541853cfb109544d126b1d6fc96e31fb43a48c360da39dd836d8184740c284ce59a9c500cbe9506e98a97a31525dae0c4ba126a81765b25f5263f22afdde8df40e3fc0a1758e1168c9065884f099e5b72d725291bd1f90bba7e93c284edc8ed85fbc2008eff2dfc17fa37f66fc41f559cab468552514b3474e014f760b5b6f3292079ab4070f28c701634bc43f46431735d543727d453489ff052d3aaad2910be50e89d3423f0201b02f43eff9e351d1ab90e48f74da953c7f23a119b29f37614af1a0e89bc8daca56a1fe5c99a425c55db926d05a31a6cbc87ebebb7d889235bcf0e7a527545ca2dd0fd9c05d2e1a00c4ded0c56761941be3bb8d2e4eabc65a992a299d15d6a8a2063a04a8ca6acb21b5414ce16868315016ea28b9e33e90c8955bc72c6ba43d87fb595cf1ebf97df1447a206f787ad19c891ac5b7e651df73702b368749d13364d6a450ffdc660081b5c3b37929360372db753a2658ef1effc8c5efcc0cd2b722cf9f4220320688645bb71be5032f9da34383870bad5a59ccfe44d0a002dd376a11513d17bb3bac80900598c271662fae630b8c9e31758ed12085acbb0cf28bb160ab32f317ce9ec931aba227b6d24e9475ef2b2c7a96547e5a9c3b4dc961f133cf5a007d570af27b75dcac644273a8c5a558c5a9f3429ce7e3b52987c38d3f715db666e0c10e8a1133ae8f90513e176b2bcc44f6cd8fb9664120f5753b2f34d9a3383f245c388f94572c31fb55afb8b1f1cc868f1653de5ab53166de87733d57e287e2b7c9b61f538afb6c40c911c74e77d7648afe79cf6c9e842440a6a3d3d1796941e31569f182104b7731438829c67650d9c15874d5b6517e178a1dd4d477d18085be25d347b86cba235ce9c8333a7c33be125d60c2a7b5ff5ebe726b182d9863a472a8a4861197c32a5877f268386891bcd4c344ce625189c67c1c3e3d192fb9e7ca56d128b6119c4de43961016496ceb344b7cc6423f2ee7c348fc257ff2e7c3e1524d2abf9a7e090aa6f0cacd8be83540ff1a6d198bd4dfafd53f9630d9c6c5188f928445506c7ed73715600cc476b8e0436af90870db0b15f63366fffd1380d3d1a3e9aeb89120d40b1ef97fcfeeb8780621206b3292b23015b153956e41a007954f771df7b380fabc59f2a255efaebe23f8e2463acbc152caa25183b12554fbe7e406c15dd9d545ad5a57da22afb0aebad843d2fd3fbb52a9138a75f3ada61271e0911d91b38fb74b4b757470ccbad63424f6d0dadc0af0b7162d3e6f3df9cf9e190dd9c68134834e71d4a25f41dbdca7d50337ff99264a0c49fd9bc4934b247aca28a9bb688524c391629c5cfaaa7e2c2660212e47afd2789ee97db115c71c1e98d3872993969217a0935cac3a4b86e9bd762293888cf2fac1b2bca30a70e4ac2db7eb6223bcf6c8eabefa8731d3d6d1772da462e5c199f6408bc54b796615c912b6db069150d23958d16af6c5eb7f57581adebd6bfb2ac57aa23c77cb474be961ee72e7a7a554c84282962ee7d5db2af27cd44cce308d1b340da16517224b34a153fefc802e49a077d30ec7b1d46d246d75ab8c83d11255bc9fcf445dca72d07e33f15381516ad9a21b367c45617a683174244d871e3c00aa395b3d22649085591d2026f6a18cd3f87b807bd6d2a7320f3362c5ea40c55162ddf10936c22cc4d9d5927897bfd510294e329612235527f58b1da3f171b80318b73d07a6fd22ff42c7ab9142cc2bcf43ff4816764faea511e5595f3e7ed51e0445e9727421c18b37b2944feb9f86000ac3071b14d1e9a24c388e3a9ad59801722dd8235bc549031444424c7c42c88883070398bd493ebb98a1f11a3674c2a62ff3647423338b895b38abacf89a7baa9015ee0a3154539f0027df8b1816732141afc531173c772f34f683d3811d730eef6a7ea3a333008368379c882805991ece67aea0e47f18554a2b142c3383eaf9f3944c02576c5e2a66fa4982552982210919a66a1891945c60e94b24f37ac3227ed461cbf3b6931160de31fb443a28b7951a3bdb1009002453ab1c5066ab27bdc5fa2ac1d4a9553da72bdd93b173d23203698b85a549bb9c23184dc9c22cd4aa76e0af19875078edae38dc0136e2d387a441103ad3f081443db6a348ac54031a9938a0b8bc1b752e423b74297ea5056a27fe71e91f8f1611b3831a6f4b585515edc3b18a93e9b6f0f7744cd9848f4867981b3095483dbafe1c6b016d205b0bf0859166a207f44317ac6e6addf7eb1bfb7779f487eef91fd3f9e5f87fbc33066398415bfd6304aebce1cc95d0ff3fe79c5702601c6f4fb7d9727bb4ece0f7a60182fa9fcf63fa2d63a400dba68a4a70e78ceba14fef6966c330146f2e2f9bf3de62d4f05da1020cfb5b731c328655472a5aa74da69ea5dcf87e8c62be7bf13cd66d62f6814cb7345ff1ca10e5a16ee890007331fbaca873cca0a259ebc182f0723e8a42ffc8d4bec5434aa5a22cfc67b62151bfa1bc3c1c1bc8f68ad9529ccfbd7e2f4c08b5c30cf860ccb970d6a24c308673685e8c5493bd659768789accc01be290759b8d6000eeef3edcf3773d2d9281fb7799d3f54bff387e4b47b8a8023dbe9f5d9d99e41b08bb1ae53db2056e4116018967c2f75e82df25a8a7be58ee3c0e44eb6a83649ae4a67b5d29b67b8eb4607589dc5f2690abe14cb08509c2a2dace8c74ea2fa941bc183b117c78bf1222bc75ce00c254e9fba9de66a68e9efef1fe8d22aad0c14d27436237943b4234dfbd6157be8fb02ac162d73077b31ee91abd2c7d2a4f9d4faf5213ab0f53b22b9e3356122ad9f464a467258dd09910332373de8f392ea2c0faea6feae7e30c6a23a2fb0c8373f111805a55e0d120ed415c545c95d271bbf5714b0e678fd5c4c06c7f5ce80e51e7e39e80efacb2dc283ce8053291364fd491be03e45091cc437381bc548a5142721457633a657ebb7bb096e59a5e5f2884a9d7f33db56db68a5b62d2aa330d4f3bb2eb5a38d795487ac1d4fddad3cdf5b294600725780be1639c3582c9f956e4b938e61859f9fa87bfe319588422fc39825e5d32cc9289e50979f734d20f3a82fa316f55ad07077e6ec1fb9048dea640db58a7a5dcba9fcba6ecf0fa50e7414284215f2cc72e7218ea55ec72dc88c80eae81ec7309611e998c51a2a9abcf5138a9e7fde276d83282e4f93dc73e55ac95fe7aa8ce2ae13992033e3565faf55e56ba01dee9d34cb6e2397652d7a4fecb6ba7c33c8446c5caed9e8b4d8bbb7e202b94c1560dd623c3700ff6214974808f1aeb8fff0a4eb84e2e671a588c35b59c75b99518c9454af0e9f57ecb180827b27e9fb791dab8156bb71d272f082fc85ef45ef292d2cb22a75f8cc5b2a837885cfc579e06056c0062e7c536d24b648e029dfb4e3d47fbdae5d863e68a5ab1f7e0d71cdaf27cd4031d0d318229592124d681465aa7240c16de89f7dcfb4bb3ce89eb9cc6b114de505fcd053b6770f6547713afc7091bb463b6f944803e800eda175398904498a7d8c828052e8b0895d33b18355ff832e5df8b2fd76a010f650dcbdb309ef62aa95b8ab0914cc786012bf9df713ec9e8975dfad833e1a19f9fd9f7f709b894774969eada8371b15831a4b3ee44395093c179f8a0099e901b28ed60d0f10ee64e530a19540b6c5e1a886dece1bc1beffc78324fe675765961fa469d62c96524c399609144bae3a7cae6a262073f723931906de729f3c23af09b6e660ece23d3d7ddd43f90536f05487de6617f72e20e080cc0ce8b845e29647f95bbe4d04c0b29aaecca6899d83cb9ca476465c6efc8a1d8e68dac41f8fe238cb31348aad3552cc6268aa52778771e1f30c8f1bc474beee5ee43692c6be6eef886da8edef4073c8da6e367eafd2e1c49e8b4f299508d7dc13188734c6e16176cb77580e5f8a778749a3fb46e57e771ce283f3547356add066f3fe7aa3e4f1991253a4de6d206b4fa84b7e3bb2944abc0b5f8a93c72df81f6e1b715307fc839ac5112f2f19b4b497d8400199b70123660f98efd54311b92b103bc59cb98e55029bb081900018caa98c9240e08053e4025f0866f11b48747a4c6efa191bb721776598042e540492bb4bdd1d460d30783f4be08384569dbba2f4e5cbb85ecc233a5bda8bcca0244218c2f06ad1c1f79e28918092bb6f0ff4b085f110708671570ebbb1b246d4d14175fb2cc4f79efc8ee0820999cd47e20836299687b18a5f26504853823a6629b370e1f394cc68b0bda079db8275a07af0547622f0e6f085c5f3bdde6ae0b512a7076227b72b66f19b6aab2c587d092b6f068154d5c0f4011020bdbcb5fc86f685512c65e561480d3ae1242a728ee14cbff866ce94e75e26c2485fe9686322709892972cbea23d44d1e3862cbc77bee9ae00cf2af25ccd2f645cd12495a505b650cd90faf39bf83197fa82a3079629c299ad07be8bc73465ee9614cce3ac44f71cb927c1a9797b8a5f8aeada4b7de795de15ea2a6d29cc4f378783024372cc86e58b50885eb3dc7dc4b2d7044a66ccbaf9bfe29e25a65dcf2f644cc8c124235b156b3db38e4f652b9ab6979d3ff01dda0492f40badf789949f46253ab9e71558f243ae9fc2b7ce2d33e4917baf23e5d2c3851de97936de1a2e88d940c3e509f09b3b25d28885ff31fe6f2951f9622cc3648b0980b4492b464e1b404098705ea6d187b3f59b7d87984d882cae5c1386ac2e939468694a5057fc86951db370df2353ea6166c917f8bc21f45c7e6a9c0d54442c416b3811e67b1e3bc34d57ffe794a8308c6c2b6c1388fb75286965385079e6fc325e88e74fee2b0086a5b8929a44ec82c8c107e8895d4e46310b143c3ac5d319574f67e7f83c1461ede0a9fc74271592054b56d17e1b1d78dad38805a63ff29f7a283a9d09244d18e6668194f1a6ac6c060952f0c3c1de93fbf79fec3df343bd15642c6dd22208cc6d67027641cc565385b3553a4c57e97479c9b3e8a5abf65c5d4549062f42ac2dbfb0181bb275e1b7f19a7190990f0770aba26735089280a2a1624c4281a5d524814b4852d94eb4889850e46c22dfa6c8a5146ff583fc2c3b49672fd54c5ad7b6d48de567c719c119b280aa70aedecbf5b54da20978ee9bf29f621f72c3747e53ed0a3a324f7e61622cff25c900ce90c89cb29af25659896b2a9b0c184f57ad7072cf39046466deee0f3fd86ce427ea941c957436549776f71756e4d767c459b5d6ab09fb315ef8f0e9e8b9738274275a2b748e202a25de1af86d101e6daaad624be708dd1b4b7586b5bc5f9a332dc0305832738a7fd929e910d95d7e2c89a012139cdd33577cbeef5e3f599efa08c1d9e66ddb4abb5bfadb3b8a341588ffd1c9311b3f5c1e3d5f576bc86f92760e9d4d6aeffc809f7ceb7cc61d98f7c5f93c1cc432d484c9a4ad29df79ec785b5bdbe963355b56ae663264a460ec0c0495c8b123828b59fce6079b2d06056ba28d8026c4246870c986b796a2087d48f47826f19aeb6ff783978dafb99d4f78e3f08ba532cc3356b2a21e691e76566215dfa6e84f11e0ada00d5ba1b6e4858fbe5fea758cac4ba27b6f04a898ee2feec4c73c2a1fda40318aea3a1e363e29c7d6127463d8a2c8b1abd8e0bf3d25d3b08d91cf580b0a5cfc34660b270f6c1743e74c40c5ddffe5884533e10db92cea48b00056a6ddd1bab38d492d0bf7cbaae659b2b836087febf9bc1f90794b3608028c9e1f34652ce20b2c3c77f9cdbbc6f74cbb5b9e09447644e26e30d7acae64c56592598cb1b39b79d3e90ffa5dcfe7343684f542d054b3d8399988dc74cfff4889d430b261e9a65d7c3f4d129654d4ec5eb3a52ccb80e9eee613e89d79257246f19a5977f8a19761b955c3d2a0a9035d34358911cecef9d61bfcf0fbe653ee01e0b72262ce1b4c6d295aaf4439e968c9c5bab38a044c29220ffbe577f446661863e6044d29d13483439c4ce2acdbfd28d49b2c6e64f98d88858ae55f201dbd4f5109b12637129024fe99c82fde9699e5af4bcdef655316cb83a692391bd02272dcf5bf3389aaeda0cdb365ca4c1821d79463b0b2b2a62c89007b25ee9185abeac8c9e27ac3fc7749253be30bc97383a68a394f6f340038e770fe5fcf447e3b2832ac7cf3391cad2929b7382709644c397cb8c29fdbe5e659fcf9a7fba11953eba517bd45cf253a3be7ff624f98d73d549059c54dec6956a32392ca5c2a71d78e4ca512fdfdbbfa20201b83269b394b57258306d7dfff3f7c252a99763b20390b39690d376599408129ab794715be12b5dc7312d70671bf3fb441b86f0d999a587a6ef45bcf5888866fbeebeaff4781c5a3242371ba30305ccc0416d9bca78a93aadb942204c218f9bfecddcd6ea2501407f0805c1004152a152d6a4f57ae4848d318d360531313d2b898a455a399a689ab4937ddb87257577d8626dd4dd25593be44d76e7ca0993660a555043f1028bf47207fcee59edc73293266b1f7acd57dd2ba1d3555f80ee7f2a4bf97118f14c05019ce4b99fea6eb7fcbf6c657be18f27305496068de1e6d97f967b0da31cc0fa21f7bb0bb21316618f5b213f62dc54431205f3d343e0de3d62b63f5f6be0673e17effb0f61612c170715376ede649811954705a1249f0248cd5c9a0a92c08a21cbea9be35ede5c0f0ec3a896f5dc53f437e2e95c074da3eda8693decbdd29cc47ecffdc4ea21d81991e6574571975eb318820ec5966c904985e37dd673c3b6fd7011606f1879d7c700e7160d0c6aea278013370df3772be429f61543ae71bab8667bdc741bda1c202382f2583b47c782cc583e5e664679e55bf0df9b995111530a9a3d6da29ac9e5fbf746a0d051661285988da37f6e81c18b4b7f27cf633f87cc096e76918e1d3e9609d85ba3519d51a2ad83994e2415b3a76a1408041751446fdc1b26709ecdf973019661c0f56a88dd5dea43faaa9600fcf96fc7a6ac977a404182ae39b653571f8bb62b97028c84fb94400d8fc82c5a67bdd6bbf8eea4d1596cac9f9203f21cf6125060ceac3d02e88fa53d77aad67c09b64491ebe68dcbd4ee65f5372d6ea5d3ff6071d636bb21c43a56301fc90de3124c2d4e5e2d2a8ffe92a21bb389a1499ef13d28d5abd73df7f691bfafdfb51a75e6f362bc72a3884536231990af68bea09fb3082f6f034fcf5b5208e9fbb1a58717e1bf25b0526f0046c128153d98302196d5456864960a554344dbbbc7877a555e0bb5c58ae304779063685399492510cd79605379860ff19d18a9470581b2e4ac20f9d56d93894c6c1a98418b68ba3058e583984945c8c4547bf360a4b3afc7262e530beff481073e04682e2d2a558d4c1de0e320b0e84ad264e65f6f2593e472cdb9ab0fb3c271f0885788a0ee983f00732cb801d822f857b34034bc585a2ccf114cbe226963da4288e93d307a558214ea6325104bd8162722e6add6288a649538aa651b412ef04da2b14d32247fdb7cfb21f45e163518a47addbc86e6008a10cfd0ea1288491c8bff6e040000000004090bff520570000000000000000000000000000430100ae9d2778ef0b510000000049454e44ae426082, 'nutella.png', 25);
INSERT INTO `galeria` (`idZdjecia`, `zawartosc`, `nazwa_pliku`, `idPost`) VALUES
(7, 0x89504e470d0a1a0a0000000d494844520000028b00000146080300000035aa25d2000002f7504c5445000000000000000000000000000000000000000000000000000000000000000000000000000000000000000000000000000000000000000000000000000000000000000000000000000000000000000000000000000000000000000000000000000000000000813a02ffeadcfffbf8f6e5bae5d5ca390900a86127e49641ffffffa26d43fff4ecbc9779030201ff0000ff83ac0703000606050b05010c0b0a7c37021f1d1a100a041a1817773602100f0e0e0600787877160e061c0a00723302090808682e01220f00fde7da27252114060022211f131210915422161513291a0b7d4207170a00d88e3d3c3830e194409a5924373432312f2e2215091d12076d31025124012f150144403e301e0c632c01eddcb34a2e135927012f0700a66026b879342a2725411d01615953c883392e2b278e827b504b48513315d0883b5e2a0237230f4a4643cfbfb4a2a09e291201fff1e6e2e0de3b3b3a613e1b391a01c07e36d0cdccd8caa47168629c662c8b4f1fdac9bde7d7ae915f29c8b9ae968a82403b353d1b01341701f7f4f2e3d1c4f5e4b959524de0d1a94429113d250fdddcdaf1e1b6b5a69cdd913faf7332573918aba9a8d1c29ee7e5e4d5c5b9c9bb98fcf8f5f4e0d3c9c7c58177705f5e5d4e2201d8d5d369605b6c3e19525150f2efedf0ddcfead8cbb5b3b1a66d2fa25e25c0b1a6e395415d3515260600edeae8f9e5d79997966e6d6c4921017c735e5e5747451f01decdc1bdbab8a1948b9b8f758c836a6665646c65523531288a5a27fafafaffeee1c4b4aabbaca2a79a91867c654e493b868483aa9e81877d769e673b824b1e815425f9e3d5843f088e8c8b714a207f7d7c595857c3c1bfa3977b78451c88450fbeb1909b8f87474336552601948a707b726c69451e786e67756d58565041b3a6878c4a16eddacd995f31b0a298ac9e95c4b794b9ad8c794f22b68e6dff2926f3e2b7441100939190ffb1a7ff948bff7770ff1413803d04ff4541ae5975e5769bffd0c3ffc2b7ffd9ccff655fae815e361c24d26c8eaf91796f394a532a38a8774f8142573c879fad0000002174524e53000aee5efc122fd03e1ff8f3e1c047269dc9683619b6d7ae92e7718aa650817adb478c295c0000580a4944415478daecc1810000000080a0fda917a9020000000000000000000000000000985dbb7b492b8ce3007e8e9a275f8e2fe7e44b99da036717de087b21430a76118e094d665e4ce8c28132c53168e246903018b10ad20a2386d0a02090a241ac36efd62e826c0e466cb1ddd560eccfd8633ad3b373ceb4d846e79c0f74759ebc78f89edfeff93d2afa1b3a14156d8848f43fa00ab9a6cb6c30823a4a23aeb35b496d072212fd131da4d566d2f7a8003355278c6457bb5cac93a2bf09d56a2c06a30afc994c8299ec1a2d8a88ce0d5590ed52c266d61970a35aadc64c362d2274288177ca400b646a9c10d37836689b42deae91da2d308198512d51d5ef2bd625e834ca0983129c811217f6beb5a89c402b61d319f4985ac2b1e1462b2250a41d03e760b48b71e4867668490d61e9c669096427912202d4a1c1c1b99948b159b340b5d62e8b492f01adc1484460da488b5109585c1d180ec627331523f1787078c00558a87042bceba1efadd4d68d778233c2102141e5764c0598b886e389ddb1503236e438e51b8a2543e942311a0c5c669a648c6639228250d26aef8685f09c84d4a515961ec0e46a3c910acd38d8c5d2bb51af13fcae4748dbc7dc8fe5521d06cee48abbcf73d7eff7f709ae30a2520360309029841c4d194a7f9bba0ae8d442bde441b5a4d46ed2ab55a015d76e7afcb7efbc5fdffff160b3f428373d9fcfe773fbd7ab8d461813a1dcdcc9d0984752b155472b7ce9c320a0c1084458d00e396cc9ada4d0ed8455f0dee7bdd9cdc5dc74fe2945b70e2a2c08efa15a1df84d607265c67116c99100ad5d9b0434c4a0a45d6f943841b3fa1eaeaf6d2e4600702e53aca641851ee13954d34daf89cec0642acc9a4438b284c3c9d02fe1706ca8f179b830e502f5b02e41346a9230eb954d67f07dffdaf2a33c75621b00f09c6277bbdaa415089fb549717a2f2907d1c710c15832bd52286626e35e6f20e0aa0904bcde78f4104ed9e15a2667428701504769e2f7510725091dd6540cdd912598c11cad0fcf9647951714ab1d213469b94e061a5dcea467980693d46134e8025c068289dd742d8ee94cc32083b7233c2527cc98ac89a9c4bfd43f5b9aa718e501344bb1ca810a237f4f3ba441460be2c8d810c37c1c1d7682265df6265231c78970a63ebb323bc23ba8d6dac4cf989cf06ffb412937bf40b1f2c035fb14ab859be0848aafdfbd90265a57f1eed283184b2598ee0daff4f6beb95515e9bd495fe1f416d3be931827ea1f197875f3ad20896e7d277708dd830fb77796cb87c1cf0b14a7e770cd6d8add36a8e0e10b0db5113d8d052d584c365ce0ac86578a4197b37e6b3d91272f37b63e1c7fcc66e71e57cd658f8edf7dda787910e9bd7eba74383a165b85612cd4555419ce9330c27268c3d54ace8eec29a77071b47c2e2cb901181ca5383d70731f1867fbc0099c8743202ad537b46717ad39af260bd1baab991b9183d7af8eb3cfc62fb19a187f7cf4e1cbc1e0b55a1c13e5c363ace802359806b9f814d23f9d0fdd0fb7d74aa7c11abd03b359a2383dba0bff6f916295af4ed26afe4dd29ac6f6ecca847c0d15b1101da8bde183071befb2e313979a32f1ece8d5d75f7974c561c07de9e869a695b68bfd5e6b099d1170e98503ca2845b3061ff453dc96e09a1d8a5d7fb5b7f0ee678c5209a8e39c4af91a8695b1782d3d7d6fb7b2df2fb5686eeb8db3daf81361f879515023bbb85f50cb099304b0bbe259dadb641e9347e163ff0b8ad31e5c739f6257fac9ddb5ff3479856198c3e136af736e5ea67b9b1143969ca417ba529021296017858143b949608378d9524245880b246a43d820532034049a40020991806808377fe212b28022d1386680c5444d367fd9ffb09eeffeb5e73ba77516f97c7e31c8179a9487f77d9fe77dcea90938ec887aabb0e51350e2c7be7e554dbc6816dfddace1f6b85744e3f2a440f4737e36d69f040987f478466bf747873ea79a8667076903a10320b386cec511e47f86f2fdb63261ccd1e3dba785e8431fa8b4739fcacf964aa2697ab931ee7fa17dc2ce77ea8b27e2cb7f55388d3a7b37fda9c30314dfc69e9feceac0f590a1825df4477c589c34515c9deeb7cfd5d97d506e349827a5aa64c30d7e4c44d6e9d946466b66a36ef636c746547c29bb546efbefefd7cfcc18bddd2f54b478886c39260077cf174cf4024037ddd5e9c961f0d5053c3e8d7a5b10bbe75de5a0886d40796f276c4a2c9363b50d71af030dcfa62ddc46e6de89f27b46898c0774521963765142d8999d2e5f8f1bc0e6637311af55cadad80ee39087a2b43385732ffaf94ba6639bb228a2bb27948a45dc924c3eaa8b7b6d685e2be3a7c613fd2f14c19da88d8fcdfbb4cf41da16673ab83237c36abe72b6c1d2c1162ff9558cc289f1762c53a3f72bdbcdc9ebcaf67c979717687a96da9bc347e36d4e01165f8a7fe127bb3e1a4dcca61d1f8206323a5d3552bbf5319bafecc80cf9ffa50a65860b99ac8ff72e34c428f573d23d6551ec1399f88c49adb5e589d52cab952398dd3af9f887a9a5d6066aa36ead003fcc7df1d7e5ecce060e916d3ea85910733b5b02e44559684d7a0437750ff59126bc927e4923ab4538b711a57fc4ee54ca67a56629150cc0e956ba16595b99ce04122c59c38f8ae23451f4830513fd7276a944c6773768fa69fba61d78a226c09933dee21b202864d412c2c088d7a3350cf1c2a89d553fbd3521c6ed8ac5152abedeaff071f8f843d9702365ee6b5d9b98b421d002b23e5e6e6dd664f11426e377f5d97d1219f76ebc756074ecbe8ff722a26f93eb6fcc3d5a0a79916bd2ecb5ca02fd91210070536aa7f725f0d0fd998dcd8a01c8a8eccf97ce71ead9b9524b21e2f2639987c89c9e9256799a435acaf124e91b99d36b5ac5f1ef251b7690ea1595f1bd8d95aeddbded20d9bc492d5b7cd9a1e9db7870eea183cdc51604d0cd367e329a6885110979a7287d2356b93678a158b45ce71dc5ac566dc9d2fe3853a6f1e9aec2bcaf130c221212f30a6fa5206953f3486b685cb26332f6c5974ad4ddb98146c62d9b3e21bb8896ee991a6ad9cb07485d6073b1c60990c1367eecd43e6e155c9d285d43ae8ab83a298c1cdef5330d6b32b168394b923ba74f1d35109178e19a5960e3449d06191f59f06b5f8ffffd2bd86059bc2dbbb60209a6dce4110f8b642f2d006eea13f234d8447fa6829eed968f03ea3a1fa1a4e277a58afe5cc035dddbad9a257155288928ed569e818aa3d77833dbbe1c470647c623e5f1f56651bf6c8438e3e643e4009873d185cd3e26aa720180f464f86bc045569ca75747f6acf6b20524145f52788a5c89b22d35688c89cfa7452276251ad84838950e18ab1aa57116f79882ecfe7b68a374e9dddb7692bdec6e97aa20b249c6c420db619cc13a88dac591eef311bb157ff9df94f74b54e4bde7ace7cd1a8265c20a18e6ca335f1b42c3d16a33ee6dabb59c5e595b9955b1bc79391500d5ff565e2016c6882a4236117768dd62f592a98cd5aa6491fdd8835400375bbce450b7db0ec183d858b22f0c446f551c4429978fb2dc4078369fa8d3eace4ef0031dbf93670803856908f31b93b1d101a65135bd27101e57fbcb4531bdf78d75e9986d074844b4bb93c7559d920d9f15c0e961f7f20c80540ffd11aa90c6e81416fa7a5d03c6ec0709bf96078c8aced906b26219cbe46be219b1393f3cf6f4e9b179031389d7b8365de4675e168023c0679cc4bbc7f2f8cb6f7817b87b3f7148b426fbcd9b1155a8950d6f3e003c603fe6a6bbdd1816d6d6fabecec5cb41658396a9f80df8e17844d6bc6b0e9e89df4b4c7cfa25c6dc31031bdfe3723ae1ff3153005981a6376efb17fbe30be0cd1ddf88deb48394cf768c8f709db98d90a961ee9a67d88f0db1e7ca1c96901ed4f7e5779bde2729e8bb9cab38dd486ecfb71167e1748936e2fcb75f8a08958c30858beb446dd0cf360118efc65f12e5cbc1a8f545f436221173871e78154359aaba3ab1420d21b93a2e7a260ca393c56a97aeb9b85df2b8b1d12ca21efc402b64cd326ae24cedabb274c64551c4bc818d6b08c0a2b1505cc13fbb3cbef88d48c28ff6ef25d988f77d2a4690d675acf43fdbd5e9b000e4f898b1b145aa99a9672ec66c4520c0dc972d793958eda60e37132d692ee2654c2b3488f81757c5b00a63622500fca0b19acec0c6527fe937c218be7ea34f742c4137a38cb32e9f279811610869ef5991bccc1c8eb3832ec97184d113426c6ce3edf243c0017979775712d0178d58b0115dc5ba2927e7275e48304838f6a5124f43f27692004c1aebc0b50c1cd9897f21aea5d7c7638cde7c70278188dd2d5541acab01800a4201a3562bf649030fed10819c862cd3d6373d2eab8ecfbc6c93740b3a27fa8abf71c7959d44a6344e9af0b3d54a67fbe19c8a8b73865070151b3b1a418929aca5e32f1d59c798f2f65d1fbf435835b734794975ce066009a749775899c7fc3086986eb7371520538bae550b6e13f0f85c87373c45cbfb967327a4aa88a9e858236ee96ce0473a6ecfaab2183e17f3cc00a6e71a695c3c5fd56717475ebdc8776440206827967f528d6d6cb47573fa972d5e98511d0780694183f0dd2610f1717494de102d3b8b05e7452a9e04ad9255378538cd926050e129818b6cdc0180dbe271c0e125959059420047ae5f46eb73217aec81604f3bb33b03c0da44893b580815936ab58cb329cb3eb17f56e3077906cb3826ea775c94ed1c739f8a8a9375a4729525144535e6652ecada858d04234005f732ed19812341117ea51bd2f285aca423f7c90ca99d2d3d039d14e3c687e30e236170b109b36c80f9988d791ee14fd26d63de07434ee0a0df9b92b7481d1a3de125747fdfafd8c3b8524beacf9820a8122ffca875f1a121345402d8db398a23ebea646a45adf2b54c00474a8b23fe57be79dfce77836e1a59ecf5b3c67b9fd256bdf4bb6dc813a6933d30ba998701175201ac01798891a10c042aec8bd21df6231070f1bc7098e08856c2b079cc8ecbe729be3f53e6c56f0d21a20b0046b9869cd51a57378c86e314b80d004ffa223c306e0f76b56d6745dddc42db3a0f12ca1333ede562277a986365af0d00f528da7a4772850902f09efea6c52d1f4a26b7b0fa2b3da9b96c99b5e051f1948180bf54d3e27cc8210900c0fc1b8331dca8ed578a94be0e1e61cb8d114de3eddb13a89bdd833e8fd23ef9c94b09619bd4ee355b9674329f5a60965b5f85e2e6bbaa91a15c0b0461af0e0d1d399d23e4b87fe75c94b12252120297d0348dd0f6cf3215a570041b8982785943385b5b6bc54d5a86037b8c3f02873d519140ec0701cd397f6140e9d5d184c4402ea58211c9cb4c7b61b430254e8f5b7ae1aac17c3b10f0810e4f5eed93cffc09075b10fe628924a057c18f6a427f16d7d1737c30e2a1210c00c0632e3996b95214376a9afe3bd0632cb8083ca2228018f5b22f632850343868426248edeab0210c8c6cc6e6b39a3d2e9d9edea15c50432fb71c90102dfd2e0af80e9d8dab906d94940fc35444df27c8dc9b7fc8635efeafbff01761018494ce98094c4e30cdaa6f68043f442e4622c4b8435912bb7b098744699feed38b009ce10e8c83cc332f6cb99d8c1fc9374120928c525dd49f72d925d93997f96dcb5d046027a5151b574d8a5171de9f539c9b9be387c3394a629185049c62e4a83e3569b7674ca94783066cf4fc12b9345e8cdca16de355c428206d786bb202809aa9ec51909dd57172a6260555f78100637ac9e19224009d1e8f8e9184cbb9df3837a7fe2b00444a43d45dc184fd43d0294f310b9598fbf615d998070013c245deeded41f7964d00c091c8bdb9878007722f681c296da1c90d4f7e98f9880e5c7e990e632eedd0695bc7e0a2c3124cc4a49b2587fd28318380777496ea3e14e0729f2fc04353adc676d87c8baf89a27dc37671d838c3651835b18cdff5887d9853b4b8f49be9d12c7d54b931a38afbb3e1b586a276bab53cf4818e979d15162013514089d4a63fd41519b74bd3e2937eae2c3ec18baf59c2ac3881a978212030cbdeb4b0510d80d62897d63a22398e6fc1db16fa754a5e0b4dbc8c580010893634b593fc6ad16eef83f15c0b108052301125dc94c8b8474f37ea7c2a0917e11a313c6d1042620d2b08c0c851f12f657766ad5ad8484802b012eab0bc078c2417370b2ef7597aa0df3442bd47e93ee11b34b593cf7a682678466d1aeccc0022d26f1e0e4009020107f46377efdea3b616cf9fc34b6882b1f8dc0960bc9340a122c6cf86f0710abbeacd71da985e0f2e76b2225cf44ca227bcd380a9ace75d6a83b1ca3f200211c84f44026eeaf0f3ec76bd2b96457e0f8dc3b3a9849b155bcb00d02979b9f2fa9a741e3e7abdf2fc596ba3d66d4f13ebc1c54506316cd4b883ec18b2e1718790a718914b755b4ba715518848468aa45ff412d5912677d4c7bbdc4600cb70301d6a1dd857a45311a3de10364e0b9198cc8cc9c72bcbcf1a9b899a29423a5a9e97dd0ce90b55b4b8030a67f5321ec241830ebed8f6f85ac6739c1a44341f2f39ac8d246929ad9338ed47a2b976922f8b381073a5915c9ad212f8e8f6ebad8b89c7d571c1e9e167816c1c0580889d248a1186148b8752c932a9d2b793b4b06327659987f1cb5cc93936ad8a9884d50a0dd866d4d5670e6d555f2886f330764287c60185944429a2f85ae7c56ac050f37154d5ae9740420496fd1f038f0ed607075097c7f292848d1a3b80d3cb4ed322139061a413517676f4f4616cb120e046b694ce5921ec5b6c00e6a38a54d86bd5d1470b0b2ffcd175a7baf2b85c032cd3b3cdb26c0209111085a2bfea629dbaa3d4b0f006c62a07eb52bb36d72268c2481812e923e3d6281d603ff03072dbbfec2778b7da4eb8431be7213863718e4ec5b97f0daf8c84aff32edcba96621608e99c9e2d12b988002277b5e516600b699f8d2a7d2bc23b26edcda751df33929c8b400b66b922b291aea35da0948af8f1045716b9e55fb0b5389b0a9096c82e8bec71918d84bc33d7d21160a0ac597e727d668968645e18181daceb3947283185a08c35f37cc0780f91f4ae6e8b7641acecea3a1c16ccfad1d29f010f54cf95c51b38a3807ffdc1b72c99bfe6ce9c12e8c78ccf868fc4c26a9e8ea6c9a5222e5d1bc1295ccee90cbcf29521bd40bc8c893e60fa820aa2afc50d9a301fbfe5d78e89ff84c5c59bfa390e28ee5c8ee04b3ff963c8cf09c2c50470d51081b248c1d1ab66c0b0afd4f9bd4d67a48e6fc8392546d866907aa3d8c07fd49d6954546518c735cbac6cdff79e990301d57b9a951906181806101d172018c2a8400543962022b38220a3222ac54ac1caa26c430acdac482dd316435bc9364b4f75ca2f1dfd92b67de8be77debbcdbc77eebdccdcbafdbed439011df13fcffe3e8f9d726f4561478975206cdc616799eced0794dbd89fed08fd62b0c4b47be9138c6e18271ec575a29331f79291d630e67e0e60739b303b74378b028ed200609c9f3293debabeb09c0c21d2a3a9270d20edaea815c33a8dc9cba860105b07fb2ab3643d736667ad573448a2498bd75afe2786913308a96cb4782b30508e40bf6a071832613ed1cd2cd229656d237aeb964a9dd26802aeb12a88a997bc2e9161839592db282c58ace37ef481b20290c5d3410c2287e3d27179e9e38d6d18277295b5857c997b16a52d3c0bc0e255e3a2bfffc014676a8308fbe9797e6e026a822e90226b9ae201a047e437c96a7b263dca2d6e5cb9adce0e72a04047b989a0601895db2f671bda304ee6b268dcfe638fa93829d1e2720450459e3febe2a19557cc23a46f03e122950163595354a9aed3364f6b1f18dce404597283156e13955fb47969f47f787030091117cdd6b97112fdf2dd14170de02931a90817f79af4c09b09fa7500092729551849af244b5eac0d1aab3a69100d5b63b4ab24d9dac498cb3b1503730ad773612f09a502d8690bc53e07f091f72d51a538c7a40f6e9118759a0b3d83cc2a15ae510818b745cd6d5093ca68b169c36814c79ceb1b2e77478fa3b5458c8874020d3ce27dccb12217fdec7b3889be9f92455b01fac90b170529ea844310a32ef72148b55ba98fb729eae6c435cd249e54d261efee6d757e2bd0411e5f47ad57d95768348cc63f3b74faf164353776d1371703a07768bb73002cd9644389420aad178e16007d2f2d9ea2a225bd1a4515eb362cd56e8552ceca9d350bb26433665f5505d533c79cbe58886134eea99749e2e2227e86eaa7cdf96f04c8f52a6911a7d03ae2f57185099d6ebc9c473e96e94ad71e1ba2577506a24ee7ecac73811cc8d721ecf78db7610c187ed1133106a9d7e327d1f7e1a77877d3f7b7fb4c0a5adcb1044b51474a32f575339389932e7b44c1493f81bf407e97c926390fbe615b9d7cb662f155953b3416bbb4a5d2c06d803128679089eeab6792a98834ea88ff3700416e598e4206ad235ececde854b1c59556a5a7a5cb20eaf3f96d32b75e9a96a5175aa364ccc358879ad118311afca6c185a4ba7813bbcb89ddae446316e945cbb75dbeffc4a43fa5facecb930aa37577b46b8f58510d51fe73c463c1bb9a76a717812c9640b076dcfd7a6da9b4c157e071a38b7872713676d1dfca69b1ca44d841f5cfa67f85461d0f490b8bf30715563940b3bc17af23e56e52b759d9b0a9394ac29cd9529acd576e74378c1652ef366859e7446e44874ce8a4252868911a3092b525fa538248cca38b613c792ab0ec52bcb0b73b6a67a6a897b186dd2b07d795f9b3e4cd61e3706d89c3141be59ab498c9afdd3024e772e122c9a2bf51d02265aa7b87e09ef5a70a8522461d9241f21c52e9d5caeee8a97613e04c7a437a619e1d644199fd1473a8bb61bcd666e46bd2c781102e3e8b37e8e06d8bf4b64ba7b077768758887a64cfcafd97b374d9b57a8a8a6af7233815f647bbaf161d4f505dbeac478d31d7c84e9aebc1e21357f38141e626dfcb008da2559fd3881abfdf4b11a2bef4030bd2a5ae330954048cbb649e0bf66e609c720144c1c6d4b1bda6b8e2d06618f985e706e43c12bc3c48ce4ffa13642f4f654a3ecc9fecddfbc927a6ff00af47b7f681b03da232ead30057f8344ef7c0814dcd2e882ec3166519ea9f4adb0c9c4913a7543c1fef2de1cf43525f46db4a4cff0e8eecd2e12a8652fa5f5ea76e056f61ad105a1d6da0b619ab95cda4d774af1cd8b9a9aec86507792cb93e265bf63a4cbae0fe651c4efaa8c9138c0749a317e1f59f5703a46d4ca0733b02a830fd0bb82b32412040c699c5d422ddc67584cb9c7b94967f41c3b29d9b6a8a9cf6e8d630d0d85191adda1eea1f313e6fe04c7aaa90baccb600f89727c8b000272f7ae3280f920f6e5a655191338bf56dfdee30279dabe34ef40b494bbaa097fa66b97775ebee866d4f803228373338545be236e98ef797713c7c39ca784e7aa2685eec7a322e261b307abc8c5af4fce556f82ce41ce9606bef9a17ba77a7e7590120b7546a587ca0df1dda93b909ba6de18eb97543c3b675bb0af3aca08cc5d739c41974fdf9653c6f0d8c97499f0c216e208fae5e93df0acbeeba737704f58b1a4b2dc0621fbd2b85b07b170200149488b103747bbb213c44b30e74afdebda1a16134bdef89b2ca0204eab0606b18834fd63d7bc935ac9326259d8c64067c2afc8b0402fded55ad079776744118c269ee4e1118d9c9da214f8564afb78e8fdac80e0ded78323ba92ad41f47bf9263bef6f9e73373733d36043c974c301ac40a2cc25a5c08807e4890e50727b0549974a1d60621fc2fa44868c0629404abd9ba5e453e1f34826c4c68583596adad9fa7bf61bc96e1f9cc4c4682360b4210c6d186dbc67891e8a9cb2272a6548eaf810175eaf31bcff6006120258c75c0d262e2018c4efd03e1b6883296d4ccc696fef218ca353ad4bbb1029fc70ab45810d030eae018292f7e88b5580ce0a2a7d1c23d71d4a24fee52ce4bb17024258c263b60d098c344009e5374308c271da5c6123676f4d7fee722e4a8201a6425884015174c301867721d40061b80ff9e0459def103c0b04917bcbc140b1a5222d845acd09089003c47e9f1e9bee8f8a8b51a5fcb700533d86020dca5588516508751dfa69ec80d2f3200396b4f67ee02206d401d68018ea2a694080e0046787083b5a8eb7acbf38ea78d78f93a87c7cabd2603c12c061cea6ccc55328405cec2b2aec7beaaaedebf7f73dbfac42e0861b427582436ba1e5fd1c04734707951fe884040276b30063c4fa444b21208dc2b07fc6a11e959279b14e6a6874b0c65074d262c429f07a2e02c2aeb5abcbd7d7f5b7d6218ed065d0c4a7ee7f349a97b56821c9f2280804e4621db063c7d142d36010191ca0e6e145dadebfbd4934f3c1a04907194e8f09654b464229001e53b2b0be76ddfda96284f3d2201a3c18618c96f7ca692167ffe0600f59bf4a10a546a11020eeee6f97b1f72fb61f4592271cca45305db986932000e6f7645553033d50614acf98c1d9cb7eab37d6beb6f4b5422cf90d7f6490b10252b68f1ee8d08a051a760d19b0b02bba83e9aa794ab2fde3aff3eae2bad5367f598d32f3a01224baa7bbfffebafbf945edfeaa2c25c0b4d842eff9df3be7a65737dfdfa44b5cc33e43be9c9a2b6cb4c72748d06dec219c836e9433f8828ec4d896010a416aa14cf5b3efb346718f5ba14211cbd2937f1ecf8e90a96df9698fe1d1ce52d5885542abbda37df96986366c8792a5135ed86acea102d5e95ac904763b3d86fd2892088700da444d0073cc88bfbd1ec53b1d9c53acc315287bc914390e2153c3b749f2476d70e070340236b41d7575beb9f348b78325135f560c4572f53c45a4ca59f29255be3734d3ae14d05316529e1f46681403f63297c009e3766e331745de742492340dc81fffe0a113fe9681abd151d8dd434d95ed8b5bde7b617cd11bc9fa89e42e2510c15304e129fe99d0e90bf9c5ee6463852d305613456b607b80908a4ace366f7822ebc79f655faae06258f024533c44bae90f0932e9bacbc632d3e0bcd1656d66cef599163a6a0e4a4ff17551da2c545dcce78eba7d4cc651e8045b7b24615482994ce468c0ca4818800f31d431600b02c9aff253772a2472a2d5c37b7f081f25fbc0cf5091add25b5558d015ba40cf30a1fabdeb2e2297334be4b54cd96346e18d940085a24cf5d36526b8b4e3c99a0179910465d93588a0df9401062b70a1b304cbf3e15f47b2b4d521771857fef15e1fcf449fc5a283838b42108a3a0a86ecfbeb6a52f9a1579345135b75592934d461aee9668f10dda1140cc6b0850b6492f1084e31fe44d63eb3a3b48c9664729d890febe1fb925123a448cc205269f8970d91511fc1517af9c5d1accf4a0886a4dd13cc6293f996356c78b89eae932e00b2c89161fc46f0c7ea668d18f5da36ed042a3be8111366b39e08f50ea980993cd8a71610699a9d5e5b9ef791036ac46ca391262368ceef2619f8d5236aca9ee596aa6137bc0b88a3814231dd89068f1010b7bd12782e5a4c6ac0f5ea062f53717a5018552f26d01f16183a3f4a84e9cc3a7ee18eca2295c16d39f7dac8552b3c9eb5ab5e53bb306b457757aacc67b6840b4589ccc252fe86bea0583d4b877a21d1555a5448b5a103e15de46c0e8d842381b581057e9de71058df13660b287829e4819d66def79caac82a5fbb677ddb9c0e9c49dbfed5b124386514385318f4c391928609cc4d717311fe2ce0b750da8cf116f6bd869034b0756b85bbb16459651bfc3a9649e4e5851f0c15f542d7e6fd28cc35b1bb445e6cab3b6ab74caeb5fb9138184ba2d58c11a9cf49da40261a00aa3a045ae238d964754740ae2fec6c55d15d211fb5e0181266a05cb62018c5ea363679c2a9d9adcfb13558bbf693a958df3e50e5fd8c4a1b5a0f0b1cf362fcd51e789dbe63929214de5e2fa1c0d4e7ab1f10e0f112d5ab012c99eb1b7228ee91301c40de16e9005bbbf5cd084285a680181b3e3fd9488bc9416e687a7b1d28ba5ace3c0e35e618e397f41cdf6b52bde37abe4fd9e3bed4027bfa6275135af20c3b5a4274388e4107720ca72a77748b5375eb85b883d238ffb82a0058bf8275980e7f8b84f484cb9445ad2d921a345b55bca4b86336d20c55ef319aed9a8e7bbc57690c7be38512d9b0b0cb7467eb2f0541f33733a00bc13e6a25f8aeb3cb77bc80604128b8d81167c2611a580d1290c9f32553c4c8eab8b74a6a9f95397b6849bff82aeeab5ef9bb5d1e684e8d46dd158ed06e38c47706b23f082646e77bcff7ea98b7e1b0b204e38aa2c40e00d63890764c82aeceb6bb6821869e48ac72a904eeff6891685ffe36f447b5a9317f75867207cca66f1fe1566edb45b4189b4768d338cc6a9304e841078fb2277521f7d21a9772f7f1d201827258e3522906273e3db6a742a1bbad7ac691acca3a52e041f409a5f974d4fc29b972192468f478b8eda96b03cc555b38a9843ad3cd5052ab0ee599aa886fdc65b0a0a21ee205a7cf64b0490ffa9a4199d16a734da5bea4310413f1e8ea092b73285a5bb08043cd2e212fed697480835f5647db4583a5e2d7a6b3ba4cfa3f28be6b5b7e1d1d7f1f0e8622ba8c1b5479d93b61a2e7921cb63de4b26dc8c53e9cfe74a5297f88cd196d2f3e546b6364363670a6100382246342af00d10522b43e7e9a34562893ff9498b16ddd9c33e0f12f7f4eefc6aeb8a47cde3e6c53d622966a5a5d9652de3aa44351419ee95f454d12d40be298d5e4d10f8221e1d40f7909c23460e3c1b4b61c16a7e54274d3c1921a11c2fbbdf8848bdfb0c5db458ae558b8eecb1a0f8554016d34d597bdbfbe658c859950504b460ddb295adadad03eb9aadf430fb152d01a371d6ea90dec235c9187e72cc2eea04be44fe3a62a03c6889da47a9451049df9a148e667ae642cadd1beff1934efff97a6a71afa216e921a2b3a6ba2dc71c2b6dbcec0afaf80f696fba9d1e68df96a8cc76c3ed61243b4ca627f3cccc004961e7eb18b5e8ae9533897cc9c4d10891ec7a21528b0137458b6fe18f0bcbb91375d0a2259bd7a2724da7a4df27d16157fb0a733c78d44919eec46aec031ab35488718be11e0392f5d4e8c1649ea7537198fded5ce19806942b3714fa3b82c160675569798943f25f860208a26273905703f23eba0042a05213558b0fe743880bff0b2d2ee1fea8e5921a62c1bccff08380f8b098f71677452c61a3a1227f596a35da65736ed9e07d334562bc0a17aa5ebb5da516ddb59d9936f149f821d1259d0e052592c4a836d289a3d111f19354d2bea6f9e884fbbf519890d0518ba4efe2c8ee104788fec7b698e34822e7a137616721a5064124cefa44452a8dd679e1e6452d4f27f33c7b87056be1e5b9aab448317c9646be69ac28453203d4011114b4123fe48210e4a78a2947ecb3886fed24629cfc1f68f113e6d3d8213c5241cebaf6b589e678f2e4624e6294c7e3dd65100952914bd7901e8161c6c62601e19ad92231bec1c68c6f3facacc5ec4c5e3a85cd4ee0404112d98122e42fbb1322702e631cd25d839c1473c98f0ccfa37f60deccbeacb04342472dfe561b0c20e197f0d596f539e638b38f4b511a52286c488348fcca8671151fd818842940b061c3c833bf9855d45b3f632dca1f76f1727d94a20676c7f69a8127ac9cc28658871a0065fa43dd41041158f3f2ec94bc45da905ece2eb60f71c249ffb2167fafee42c091d7ce541075a08bab958fa450b8ab192241d5894a6c35da12f9e380e3de079245cc9c8e42a6f1ee97e4eb8b25446905e9a24fa91308412cc62150a6514568893223a548a6c66ec1fdf359f15fcb41b488e46b3abf6fdc9e9e4e94602dacde2cd7bcdbbcb57a15437bcff892eaf54e7eef15956d40c1afd80a5c01067b0c38f16820d8de481673c387366070bdfa9aec36da0a0ff1a503e4f32a6ed99143185e0f2892eb25dd6a79236ae9a04891ac9c70becc58c68d5c59277e8dc00bcfa5d617058bb83d1d8343087bd7569991eca5ed354e10b0323e5c73d1fb15e05d34959556a0b03f51897cfe75b941980a142f8d997d2b6b1a513ec83c8e1eb310cf3110164cbb78b75a822d9722a8969f6ca42bd712a4cef2f2f77bf33eba7fae2beebdfe2953a93d4022c4d17402b816cbc9ebd1f6591499a43d765bceb85c34b4a650e9760285c712952833da26935381e76ae2a539aebf0608c15f293ae074b36e24dc67d845deb7dc028a5409a6d60791d870e849a7221730ce8ff01b6ee271e2adc5314e8b826b1694b86de7aacd8fca28714b571ad04045abd66bc9a28b80d09442a5290f2814aaed0222c38c8d5d00020b93c3b83583bc8799112e46e132903f22a01e7902383a4882ac58d5e1c91e0e488518ac70447d4ec87e397a67792529eb4c8ab716fbb9399d4821366c687a53b66b57660559f2dad5577d56148c4b8b56c580b19ad88c8b2718848b80c88d2decdc902c6566a8ba1370cf08d7804f18a789608355d46df6668202e1c780bdcce24b5fa627e0636ea7a8b8df539a8923b6e5afc6bb1178f2b1e1b3b452210e6e68baf1f2cb6f94c937b6a74134ac95aa8be15b1010566bf1d1b056f191b4d360636393b8fae2d5ac65e4db2fc21019c262991126c6310484d6a81f544f89a95ccd3bd35870fbf09cdb0fae38dfd0398e68b185d7224e9b390657324264a0dbc5efbaaca080ab4d6bea020329545ae9b2dfaa984817192c913e9d6b022ec196112dbc3e428cf7e2ec6286d44bbb05633742a978154a060e835a1eb12843af2da1b7e2dd08245a24252777ffcbe93c0776bf807528abc5f585a04c56f58b6635ac028ed1142a0d4045b9c25847ba8046191be38a3ac5cf4c9b0e0c196f3c102e461bc0f00ca918871170a45028031e5bb6c96b0309d634d7e1c3875df9286e7702f0c94cff475c23704afce6e9c89b5447a9cf02cd44883b3760217298296c5e006a408b5589f131e0f0a76028e13915e547817b8cb6e18954d132a6254d4b65c5f3deec6429d70034ce6010458b3650ab45180e6b36a7fdf9f7c183470e1d3a72f0efc35980897d40d2d101607de775ae11185f2d06cafb1b2d7870080b719489122f1743b38a0b10a822ed1535c59d79c0616da5868b79e3d562bbd1363c715b63de4d4a9a333d24cbf7a451e37c0ba47a2586b11f04ee8aeea321e0150f6eff79e44a1187fe206aac8ac382a8d7b8ece58463e23b4f6703162763120756e32891879aba3c390b3890b36cdde8e8e8a6e67ca092bf559316a166846216d361bc5aecb11a6c3dedc5c4493f97949474dd4d36c0a45e73c77c9175fcd202a533c462f481c06eca27d5050288d1993b40e2f583578671e83089c9622400f0fa2d9fc7773cf4149050b9b3153b67252de6f0dab13637748f84f4d23a5a8480827d9f262da203919ffcd1b4716bb1cd65b0f5b4279132daa224ccc7c54048bdf7a61fdffbf0219cccdcb00802334462742010484f89605944625281800111294ac458c0a6dba6180902e4ddf30eb7337972fc0f495beb7a72b0f814b5c8181b425fb738d96d061a0b94bdf45720e06a8848a2ed2083f2d8d80a3f773acc201c433a2f19739230739ecb00095733627c0341ed0c0c3fa92590b726258c35d260dae260d41b64bff4d095911cb492cdc731d181ef0dc7b9117831f038ab6f339b6f54a3c5fa024ebccbc202974d56aa62cc4a544b0ce9605829d70e72b4abde3676ac518a3adcca4bf4715288398f5f6d030174efb3c93317e1ec8517e33088d915ee37d2ed915b8d4b1a71b078258d3f1000949862a38abdc3fe16285729b4975eb36af6b1d6eb4d155a7cb10608cb2202bb41a090a5d80edc0f62d02e5150b4bacf0ab2f4a87e0b38d5301753b95ff9bd5888448df7798007cdc7bb4d9057f0d22d20c61ef65b5f9d06522ad8de1e92d3e211fcf5e5b16bb16079c2722099e185f1dcd7dd63c6a8d3e2663bb18ab4f9ae3a6a58a734f2b8395c6f4fb4f68e30d2eeddbd2e0ba250af6255b2d1a6234e26551d342749c492c717de377d7a8627d4a6bea1185a66f0626c040905cb2452744118435cee7df84a2a87e3b054af337427e96dee786a3cbcce94a3392d1294b598c315039b9b680d129a76f27b94c717c3b057369795355766e17fad1b1ddcf68413222950b3f9ce68d311dcbb54589814c9125be8baf4ad804a7831fac2fd4c0d1fa5bf306a971bc30982fd08dd4913db190b8d00fe7bd8eb1f2c27c4a3de3d99dcd4f8cc4cb851518b2b5cf46091b00b28d42854bc73ca400ed4bc7b047bffee3e14f963d5dc79b11b6cb49b8fd18baf4b0ae7ba69b84d7dd3cce4078a21e8e6b418889c823ab0bb69cd9aded686322bc869b12417fea66af1ef38f8e8ccd05dcdb9dfc471befbe4a924bd50afc53d5cfda73785c632a0e0529af6de037234bfc0c5a23510cef64465da5c064ba4274c264e1a3e4e0ae7dd7b3fb601d86e65d68402eae00c632e2d06cf2b2af2dba38e2766e732f5450a0763cc5d4895e99b04861f141b81daef5e3d668e12304ab7c6e673215d0a95bb80c6674a833a56a06317d298ee88af11ae992b1775ce9d6018b8a2eef408c3f85cc69245a1b7300f6480a582e4d23ed04415df36b6151ca16bd112634da79c5bee3cf7f3f81d4f9d782cf176aab5d8234c31d0a1badbba1c8561da42a0533722ffe8a546dd0a79c36d043d1de40ce335e8ddc71140eaf5ec9e9dab8897d6a8c521d1cbfd3f695a8cfd94513f00fa3601a3d808d4de902e7c314af2f226758ca121854e1f50c85baa5861944253fc4abb34235aabe5fe15182691e67bd2903a2d49ca22787cce7d386264bad208cf77b37482262a441b4de08f43342d76c4d88ef601b86ee1afaeb39c17b786f482efd4068c778e4b8b76a549c67a3f5039203fc458b65edd3903a3bd9116d676c3a267922414336dea69089f0ec7e33a9c188740132592fec8e143943cba3666b3086fdf9dc0f2b6c27cb7f626a073bd4a2de6d88130a8458bf08ad2c2bb5794eda2b41798b555e5f15ec32d78125e60d91e97868c19704dd275c500e847267bc9000855196b410bc82199c1b6fc7924623cc2e68e2d73f1897646be0a719bef3e8dd8ad7a9501e352508a178b80c61ec5ed8bb334c68b35c42c2ab1cfca5de0360e538e8710198f278941705f52d2e3d87bdf90fcc04260087a67fcea40a0015fd89921e4fcfb90588a7f2214e3dedb3104300bbb68cc2d48a111a8b9f182d69ad5058c6d000a79b41568cc332bf70169b8ba8506a39f621695d9e232dab231b6294db0bc9b2402607a52d233a9a12dca4f23565a8c0df3c99ebbe96b8630d070f8290304ce8392a1b1cc58cc2279f0f0cedd09840288d78bc0d3c927b4ddacce49f708e908fdc9de0050a9332b520334fa78c3b88936a2a34c5b21998e98602098691d4afe3207bf3dc0d934bb2df486e980c92d95d94c62dd867f35dd7520215012ee51873c00ce3f0e1e618478f00f3b80a52226255674e2fc42b8bdf039283402357747bbccea9cb410d6a106e5928ec09dd1dc73cfd6ef64eb3aa87935990192da59f547cdbb48d5618291987214102c37f109cc3480abe630ff280e9dddf81142e48e59681e6319d70340d4eaa280bb43fcfd9631532c7880c1fab0e8f23a409c1a81679c45ba2851b5f826458bd0dc4beb4783762d7e0550f6248e45e9b9b4357d65ebca6dfeb01a91e6bb806098a93196d38e078ee94bb8b60b7e07834bdef8d12a7bfd8580a2dd1de815fb694f09fdee49a78728b125c6bc85ec8d10d808849823f289c45958df5770d2915ab4ee1a897c0d50370e2dda01b2dad800c00554ece1170d9c94db578a5bbb0d3335c672cc05470347f17373425a242e7b8907207566f2ec6bd8638a086864090da974c9612b3aeeec8a8e60b073b836d6295a1b40fe47e2535d3f00c725c7c569a9c60a755aec010114b1c3a0771d80e6787129d6f5e6d04f77821aeaea1335b0d570e7af58269e0302190bdf9dc366d0366c23afc38dc03766b3cf530b3efde873ea5a5e21a91b1499c56c93cef8002a6f4f10710b701c7d7e9c5e19eca738698a16d74abc6743580ebd0b01465b1ebd4f343c519f07ca142e35276a60335f00331613cf061196e2e7963c1e7a1fc88a1216cdc7f56edcf79dfb2a2d5ca46a71cca4371dec44b788fb81e78433e25260846a75c9cb7a10635d278e199b6a40963dd11f472f78927fec0a4a942d356bd2e20a30d84e9d7fc83bf3a728eb388ea7dda6ddf7fd8181a41fbecdeee2eeba8472ac5cc321870a8a29228709d34124871c1a221448666354d8408a1a1546685a213a31c88c1d4e948a358d5a638dd938d3f107f47c9fe7f3dde7f93efbecb22bcfc26ebd669a11c9227af3f97c3f3763da83338083087f895a5c18490d236d6304485d26ec812d0035c68f1f677cc279681fb3d8e9b46b3c38b85f9fb46b47b03b271dec200a38129f7c115f8a1fbf130e888bbacb407bff88c6d2781b6736472a12c11df16747f0bcbec784fb5fb29bdbc5ca2125bff750c3d81a96160960149a10f08c05c73b2fb12c9a19907941be6711009ce1b46806078feab3de2983d3a2eb403a1dd4d84ade7cf3abe7c345c7f1ce974fbe630367a26aa5a766ea36a70e9d12fae9c3ca266f378b7a8c1dd4807aa9c5387feb6094b9f9360d2d5222004c425ae738001c12d2cabfa6829a285cc4f89e9d5bb1ed73005b171de481cc0d134beadc83062ed89d93e63caa2b8cef7cfd9a30a3f26e360135e63e5c9a933ea0ca2d8e52111784720b970b53a3b4e3e992739dc1de6b319d2d21f243ae7d58651af760f718009cde1d566e0020df4a0bb2e71980c3f8e61bcfbdf7f2ab1980c4cc0f9a0c220052b993d7a90091496c9f893e1b0115727057783907ae087f12bdc67b1f10adfec541225ad131e5b9b691516a45a3469d778cdad5728ccaa8e8c6192e2fb558e477ddb44aaebbf7510232c538f8420032d7d03646d10cbd720860f1d218e0b1c565988dfc590ddf330fa0609d4a8b593b0db8b7e85a5d66240f7386d1a5163b6de00294a2f32a262c31f6d4598112df78aeba475a9bd75224baf6a14e8d6764777b4986d966a42a8c3767e40f0de0dfe4bd163b30e570959f72e3030adbd8ec681f0352232c4eb6001897856c8ea38d5e739f01571816cf099a1c62d45a8c03c85adda44bf47287422e0c775d63f9e082975d17a5c34b257fcc749c5e3178b8bba5ae311c28765723aba187fbe97584c241a7c346a1de70caefcea5aa9976f53d334122ab6ab6237ac914a29726003819723e1c209aae285e009ac4b81c60f1bd16cd548b352071fd840ce3346081b4cce76e3abbb7c5832619caf24b94ca45f760fab0049cb1a3d0bc21d41b0a41c26ff6de69720f3fc3bfcb24dddfaf240076b1b8213d0717cf73bec1b6313a68f288914600658c004929ad163c3136b1e8850ba491675d3776c7360287660f591cffd49313e903f56a938983fc3ed4e239ff2cbca8b81a6b82266caf6da6691decd6f9e61bd42265e933ca83c986e48ff013934432c077210a364be9a7365d76ebdc83a28875691855337bda416e89528b66bee8f253b0cc60b60d1c1831aef6a916bbfdb4f0c273e34c7e226b3812809487ed3e4d53615f70b303f3977eb861494c4ccc331b572d8f9e1b34a9cc31001c0c51f0adb4eaa21224664dd32390e6b6de7cfeacb38746b697801671cad55746ce2c6ee3ff7c6d5d7ebadd6c8ecbab3fd58d2af5a9164bfdb5f0a2dd5f9b8373fbb9d210d64a9aef3e63a4f3f5fec0526aa643103664703c8c0ed1e206603d76eaa896763eeb2c4564201eb4c0a2145648158c053b3112dad7d7d0e5c9cada9eee0ae14ab5bae391f6255657f7857a06c1d511fed535a6e666dce14112d0301a004cd8ad5390486bcdfec0068078ac47cb07af2be906533dbccf8d4c32186070a61195c8113b045a3cef08a45fe25c746267f0043847636d73b7ea2ba81d4b2fc8cbcb28eaaf0ef5002b1601fd67445abb8b8ca5bb5748d14b9294efa6d3a984d04ddcfec00275e86205b094d3b35d263dd2dd98dd2ae16798bd1f0728790f575fa50382f676028cd40325ae4f995c1c4a0586adf1b0e74540bfb90ae83ebb66c119981d20fd6f2e66c726fc00da1a712044c11752e8824196c06d77ea30af6fab0df694ed76d022eefdb73f137625277271f268f044688853679c1adae30161e18fa74540ffeaa675e66ebef6b2304b7a8aedc4dec4a0a9277a81b87851e6957a6abcc54baf99b8e9f2663d8297ba608fa94e04cf3016c6067b4dcfe10c7386548ce9c2cabbb5855b73c6115ee7591170a67f2718e50d64590be57c77d29ab0b44cb67076aa99430b3f0795d5e8f33600cbce30858f9ef1881e55c00a6f8eecdac11308a673bce3b09d2a6c6cbb621b9eb1c24dd927b1ae61bcddb4381ce4dfdcc9a2971d184a670110a18df118eb4e9c6a3e2400f54ab3b8e9a0b4a34f11bbc0837a042fa9de649d6b33607cc22b7ebaf223fbc653d4a4b238c92cd9d7ce28edfb5aeea7af0222d9ad5813ba16f3ddf4a5989b46a317ec099b5a16d10ae4cf5ca29b5a0d6a16a9f14666e9f14eb1567b750abf280ac6c17a36f88ac0da0c19a06543f63aac95feadae3a6cdd4e5f0544b25b7170c3348c2f46c2da18296479d094b2c8002ccfcde8053aca4dd9098c997a2c0434767b17565400c7b8ab91bd0ed3c7f0b4b4620822141c90bc707050d4e0b620ed670787c6cd7727b12578f4d78261ccf483487aa90980a4feca05d1896816a5d11c64623f8ed770332fce69c6679fd5bc4f396077e79fdbbb82af10a61d2bfd6094bd2082454a5850d4d85d4ac081b1df7d411a6ba5fece0d3781c4306b639432c9656cf879ca98235eec3fca8d002eb33bcce26a90b9538f52286e04d56e92d05263ecb974029ad8f2fb82af9852162b5327ddc3ac5f83944ecaa74e3b7da83ab43a9b93be9bac770bf8d9f12b974c9bc55e8c18bd344b63fb5b4c787872aa88de68a257a3b96631f1be0ba90ca3b481cc2d7a0cece3341edf23e15e8cdbda33c2c1096b637757f095f3130b9687e847d97ccefca781fefec15abacc2ecad3bb43b5e0b7d357cedd3a7c21b0ca02405686b5360125792ad23a4b97bcf0d6331100107e707388825fbf0d0720a777d3c0e553034044962e432ff84cb1956a5b456d31229db5edf571b21e8d89051d83d5b1c113e23048a4a3c75659ed9e2e3a829f081cf5ee9a23fc77faca55b7ce1e348c3952befb53a090c94febc857578d4730b1886cad97d29f02e55486396b75d1e2d5447bc5bbcb965a9e9e86da7385edf9f9f915eda303dbaea8fcdcb56da0bbb67a84fd0331783652bfdc4040c4d6e9f8f751ab68051ee3b6509738b20dfecf03ac10881b9f4e10719fc91ac93092c97f31461b8012bf6f6b08c7e654fa8215039735548596aa665d3600df71135f6973dfdead3fdb078bf2a2c09a3ec6ba19b395eb6c99ea06155aecb6b13c7709fbf4d97127a46ff3ef461d6e4618ca141d126d69615bd808f464b38a3edef67d83410b82a75dc82fa2148ba5fb86cdbaa4ceae65bddda16e5c34f677eb4f6cbb191871521ea88ef965fa0555a873f1db43abcdecf74a434b8de36e64ccc3610cff6ed41199c60a814909722130b29cf50792a783269739f368057afd26b5148fd0d77a19f5d029c534ac695a313b47172db20c637cbf5a8b3cc113a3bac36eae6f51ef8ec0d605c658175bc5cc86f8bb417ecea2163b4022bb14cbcdee5732a6e25a033f6fd411b976baaa43828af0f86e56085c30c9c597b708406f889a6507c3a9fe5244298240ceaed9bb329916f5d9aad3e14b2de2b2cf53b17cd09c0a3c8dd4fce529f6f0f444a976fe745687a354c56b43a36843c7bdab313310b4e878314626b0d63171547a8d65f246f2f9d7a275b39314f71100b2965ac5d5a283ce59883f3418bbe8f160ccf3a5166b254d594bb9a0a5c4b9b547ed978b98c78e45f93217de114a41653e3f6e73c47dfede34c65fdc601d129152162f1760f2938c1b01c8911015eb8f8040d216fa5614bfaaac044c3fa11675793092062e76d1f7bdd8ad346f48ec98c6c2936d424907144d9583f1f8896af4f528ce780c9d2539678f3b213ddddf9bc6f8e9d4a45df28b716d4ad84a90304c62597a394d962d0bd188a02169354de624a114054e0072a34e37eaf807a3be5aac45cf9acff7ca3a5388591d26dc9ff04549ce4afa1dc8436fcefa70f023578c9afded88b45b6e78946f1da3870d0cc7a5da0611fe322d0e9a241699006cdf86f09cb703ae870cfb4574cbcd09d854a4d332ea1b3477763eab6b4e87e92e55f1603c4b402263b0fb5caa22ab3da6bc24788afbea62bbcda853ce0577b858bf389a010c7f6f609498c60c43161ac626a943620bdd67928adb677d8f746b0df6f16671d3178740a04970d069c7224080be1571992ef6e94c9499ac1d8117a39e299d9e7af5a2085965d9f4f7aaadf272ef52e697fbd0a2ca7fb2e7b05961174b07313219d52cff75d800024c8b57dd319d2fbe2418c40e89346a79cefc40264b8c7397001e159259d61b0e00a42d256cf7ca36427fd9bc10bfc848b9baa59393ae558951cf4c77859ca8617428ef05f69951984cb86cf2613b3a69a3f827474ab35936323d231e10a3737344435d01e61e03a58151f5628c9c2d1bc666a147d000605e4f2da36532d28cab0840222fc5ad47897806244d68d7c80201031d5a640522bdaec65fed62e8e5d98958c5d896c6fafcb30e973cc47cb0dc40deae68e31d2934ca891c74d2e8d12b9439a7ed7d15c0a11dba94f69730a11a024c8b37cfe0774824d00e89d56129349b7c645d0175d3be9fdc7fc1809779657e148d85a5264de886b0a80e1a26b123950f4d7cd6021b444a341a1805aecc28f647513338c6c4580748516d28ca7190e571aab78d6647a1b513c3e581709028a521384b2876d1f462e8008ad6f505df86c363760212117bf792c0d2a263ad7c96c23096091d12841641d61d050083af03981740603f77b1e0a8510ca0cb85ac620e01819caad98c61f9fc956eb73ba34283750333d6643056bd152adc9ede7896cab1d48662b4321b66ab1fe0cf9bb72b3f18a56135ae54549277968f57ea6dcc24ce7beab1c79e2281d2d88ddca97a315699000caba56c5e6fc8affb0080c4f8ae0283528ce796c41f10ed81e1584a586ba56814c99ed93239a063f3fcbd7256472f3a41a2be4f6b9cd42aa66b0a8027aeae817f5d42b6f2834641d242c798faf646dcb95099be3ac75932b24050a2a04543a03476336ee5c75377e5881d12bb2b01e0d0e690cd47a37cbb7471ee2a034094a2496cd3d65e1b08441e4b0b4b391e29fe720f86f9185ea18bbe4e8f378a5ce998005d851d43a5fc010ef6083d170f3cc63e85c8e4d20aa31b5db691fae55ad471bca4c5d0ea8e786018b30b1571cb61f9108269afa0c3c0d4e22d3378c378c200605919969603404e0ae1ecfe44faf87841ff7a2046d004205e21c5f507cc20606a5b49ab7e442cfb25cc56d00cbaf62bdf24772078cc9f177fbff4fbc558598a5432511d28e75040ea7b304ae1e9c7748d822e8555cd50f8e59131c7ebb1076f4e8e56343e5fd2d851784e21c46d43058010ea9c03568b8e503a53328c0b9ba517e3316a2d360b76eae7441048c678da0752842f6429be7ec8284af1d35661267f2d509ad028aa82e8e977e8fa5feff9d291bf2e3f21f2c7a5bf316e2ee4a7fea3c011261f061ed690d8c3d7a3fb04d9f5d57677d7fe24873a25cac3d567852e1d57d4764481e39928483090b57803f0c59761aa4b2194a6f9ee5e511f3f00e59968fda5980cd2e17ce4952346a0e4d2154e9526311c3c81f133975bc4848e0edc7e1373931edac44b7f3cc1b8fc9764084bf88d8b2ce2202d5d8de084ad417c45da4041c65863bd390a203c6330b63311fd720f95391abc73aeb4585a976d050912b1176da2ac45dc6c1e38cc521a46cc991c9346a56deba58950aba4469debd3d1546dc66f1cd9ed03f14089aca4ad10a7418024d1af09c1d7acbe07e36fbc4dee4070c3df172ffe154b8de2852714fc7151d4959def3deb00a4a2211b541853cfb109544d126b1d6fc96e31fb43a48c360da39dd836d8184740c284ce59a9c500cbe9506e98a97a31525dae0c4ba126a81765b25f5263f22afdde8df40e3fc0a1758e1168c9065884f099e5b72d725291bd1f90bba7e93c284edc8ed85fbc2008eff2dfc17fa37f66fc41f559cab468552514b3474e014f760b5b6f3292079ab4070f28c701634bc43f46431735d543727d453489ff052d3aaad2910be50e89d3423f0201b02f43eff9e351d1ab90e48f74da953c7f23a119b29f37614af1a0e89bc8daca56a1fe5c99a425c55db926d05a31a6cbc87ebebb7d889235bcf0e7a527545ca2dd0fd9c05d2e1a00c4ded0c56761941be3bb8d2e4eabc65a992a299d15d6a8a2063a04a8ca6acb21b5414ce16868315016ea28b9e33e90c8955bc72c6ba43d87fb595cf1ebf97df1447a206f787ad19c891ac5b7e651df73702b368749d13364d6a450ffdc660081b5c3b37929360372db753a2658ef1effc8c5efcc0cd2b722cf9f4220320688645bb71be5032f9da34383870bad5a59ccfe44d0a002dd376a11513d17bb3bac80900598c271662fae630b8c9e31758ed12085acbb0cf28bb160ab32f317ce9ec931aba227b6d24e9475ef2b2c7a96547e5a9c3b4dc961f133cf5a007d570af27b75dcac644273a8c5a558c5a9f3429ce7e3b52987c38d3f715db666e0c10e8a1133ae8f90513e176b2bcc44f6cd8fb9664120f5753b2f34d9a3383f245c388f94572c31fb55afb8b1f1cc868f1653de5ab53166de87733d57e287e2b7c9b61f538afb6c40c911c74e77d7648afe79cf6c9e842440a6a3d3d1796941e31569f182104b7731438829c67650d9c15874d5b6517e178a1dd4d477d18085be25d347b86cba235ce9c8333a7c33be125d60c2a7b5ff5ebe726b182d9863a472a8a4861197c32a5877f268386891bcd4c344ce625189c67c1c3e3d192fb9e7ca56d128b6119c4de43961016496ceb344b7cc6423f2ee7c348fc257ff2e7c3e1524d2abf9a7e090aa6f0cacd8be83540ff1a6d198bd4dfafd53f9630d9c6c5188f928445506c7ed73715600cc476b8e0436af90870db0b15f63366fffd1380d3d1a3e9aeb89120d40b1ef97fcfeeb8780621206b3292b23015b153956e41a007954f771df7b380fabc59f2a255efaebe23f8e2463acbc152caa25183b12554fbe7e406c15dd9d545ad5a57da22afb0aebad843d2fd3fbb52a9138a75f3ada61271e0911d91b38fb74b4b757470ccbad63424f6d0dadc0af0b7162d3e6f3df9cf9e190dd9c68134834e71d4a25f41dbdca7d50337ff99264a0c49fd9bc4934b247aca28a9bb688524c391629c5cfaaa7e2c2660212e47afd2789ee97db115c71c1e98d3872993969217a0935cac3a4b86e9bd762293888cf2fac1b2bca30a70e4ac2db7eb6223bcf6c8eabefa8731d3d6d1772da462e5c199f6408bc54b796615c912b6db069150d23958d16af6c5eb7f57581adebd6bfb2ac57aa23c77cb474be961ee72e7a7a554c84282962ee7d5db2af27cd44cce308d1b340da16517224b34a153fefc802e49a077d30ec7b1d46d246d75ab8c83d11255bc9fcf445dca72d07e33f15381516ad9a21b367c45617a683174244d871e3c00aa395b3d22649085591d2026f6a18cd3f87b807bd6d2a7320f3362c5ea40c55162ddf10936c22cc4d9d5927897bfd510294e329612235527f58b1da3f171b80318b73d07a6fd22ff42c7ab9142cc2bcf43ff4816764faea511e5595f3e7ed51e0445e9727421c18b37b2944feb9f86000ac3071b14d1e9a24c388e3a9ad59801722dd8235bc549031444424c7c42c88883070398bd493ebb98a1f11a3674c2a62ff3647423338b895b38abacf89a7baa9015ee0a3154539f0027df8b1816732141afc531173c772f34f683d3811d730eef6a7ea3a333008368379c882805991ece67aea0e47f18554a2b142c3383eaf9f3944c02576c5e2a66fa4982552982210919a66a1891945c60e94b24f37ac3227ed461cbf3b6931160de31fb443a28b7951a3bdb1009002453ab1c5066ab27bdc5fa2ac1d4a9553da72bdd93b173d23203698b85a549bb9c23184dc9c22cd4aa76e0af19875078edae38dc0136e2d387a441103ad3f081443db6a348ac54031a9938a0b8bc1b752e423b74297ea5056a27fe71e91f8f1611b3831a6f4b585515edc3b18a93e9b6f0f7744cd9848f4867981b3095483dbafe1c6b016d205b0bf0859166a207f44317ac6e6addf7eb1bfb7779f487eef91fd3f9e5f87fbc33066398415bfd6304aebce1cc95d0ff3fe79c5702601c6f4fb7d9727bb4ece0f7a60182fa9fcf63fa2d63a400dba68a4a70e78ceba14fef6966c330146f2e2f9bf3de62d4f05da1020cfb5b731c328655472a5aa74da69ea5dcf87e8c62be7bf13cd66d62f6814cb7345ff1ca10e5a16ee890007331fbaca873cca0a259ebc182f0723e8a42ffc8d4bec5434aa5a22cfc67b62151bfa1bc3c1c1bc8f68ad9529ccfbd7e2f4c08b5c30cf860ccb970d6a24c308673685e8c5493bd659768789accc01be290759b8d6000eeef3edcf3773d2d9281fb7799d3f54bff387e4b47b8a8023dbe9f5d9d99e41b08bb1ae53db2056e4116018967c2f75e82df25a8a7be58ee3c0e44eb6a83649ae4a67b5d29b67b8eb4607589dc5f2690abe14cb08509c2a2dace8c74ea2fa941bc183b117c78bf1222bc75ce00c254e9fba9de66a68e9efef1fe8d22aad0c14d27436237943b4234dfbd6157be8fb02ac162d73077b31ee91abd2c7d2a4f9d4faf5213ab0f53b22b9e3356122ad9f464a467258dd09910332373de8f392ea2c0faea6feae7e30c6a23a2fb0c8373f111805a55e0d120ed415c545c95d271bbf5714b0e678fd5c4c06c7f5ce80e51e7e39e80efacb2dc283ce8053291364fd491be03e45091cc437381bc548a5142721457633a657ebb7bb096e59a5e5f2884a9d7f33db56db68a5b62d2aa330d4f3bb2eb5a38d795487ac1d4fddad3cdf5b294600725780be1639c3582c9f956e4b938e61859f9fa87bfe319588422fc39825e5d32cc9289e50979f734d20f3a82fa316f55ad07077e6ec1fb9048dea640db58a7a5dcba9fcba6ecf0fa50e7414284215f2cc72e7218ea55ec72dc88c80eae81ec7309611e998c51a2a9abcf5138a9e7fde276d83282e4f93dc73e55ac95fe7aa8ce2ae13992033e3565faf55e56ba01dee9d34cb6e2397652d7a4fecb6ba7c33c8446c5caed9e8b4d8bbb7e202b94c1560dd623c3700ff6214974808f1aeb8fff0a4eb84e2e671a588c35b59c75b99518c9454af0e9f57ecb180827b27e9fb791dab8156bb71d272f082fc85ef45ef292d2cb22a75f8cc5b2a837885cfc579e06056c0062e7c536d24b648e029dfb4e3d47fbdae5d863e68a5ab1f7e0d71cdaf27cd4031d0d318229592124d681465aa7240c16de89f7dcfb4bb3ce89eb9cc6b114de505fcd053b6770f6547713afc7091bb463b6f944803e800eda175398904498a7d8c828052e8b0895d33b18355ff832e5df8b2fd76a010f650dcbdb309ef62aa95b8ab0914cc786012bf9df713ec9e8975dfad833e1a19f9fd9f7f709b894774969eada8371b15831a4b3ee44395093c179f8a0099e901b28ed60d0f10ee64e530a19540b6c5e1a886dece1bc1beffc78324fe675765961fa469d62c96524c399609144bae3a7cae6a262073f723931906de729f3c23af09b6e660ece23d3d7ddd43f90536f05487de6617f72e20e080cc0ce8b845e29647f95bbe4d04c0b29aaecca6899d83cb9ca476465c6efc8a1d8e68dac41f8fe238cb31348aad3552cc6268aa52778771e1f30c8f1bc474beee5ee43692c6be6eef886da8edef4073c8da6e367eafd2e1c49e8b4f299508d7dc13188734c6e16176cb77580e5f8a778749a3fb46e57e771ce283f3547356add066f3fe7aa3e4f1991253a4de6d206b4fa84b7e3bb2944abc0b5f8a93c72df81f6e1b715307fc839ac5112f2f19b4b497d8400199b70123660f98efd54311b92b103bc59cb98e55029bb081900018caa98c9240e08053e4025f0866f11b48747a4c6efa191bb721776598042e540492bb4bdd1d460d30783f4be08384569dbba2f4e5cbb85ecc233a5bda8bcca0244218c2f06ad1c1f79e28918092bb6f0ff4b085f110708671570ebbb1b246d4d14175fb2cc4f79efc8ee0820999cd47e20836299687b18a5f26504853823a6629b370e1f394cc68b0bda079db8275a07af0547622f0e6f085c5f3bdde6ae0b512a7076227b72b66f19b6aab2c587d092b6f068154d5c0f4011020bdbcb5fc86f685512c65e561480d3ae1242a728ee14cbff866ce94e75e26c2485fe9686322709892972cbea23d44d1e3862cbc77bee9ae00cf2af25ccd2f645cd12495a505b650cd90faf39bf83197fa82a3079629c299ad07be8bc73465ee9614cce3ac44f71cb927c1a9797b8a5f8aeada4b7de795de15ea2a6d29cc4f378783024372cc86e58b50885eb3dc7dc4b2d7044a66ccbaf9bfe29e25a65dcf2f644cc8c124235b156b3db38e4f652b9ab6979d3ff01dda0492f40badf789949f46253ab9e71558f243ae9fc2b7ce2d33e4917baf23e5d2c3851de97936de1a2e88d940c3e509f09b3b25d28885ff31fe6f2951f9622cc3648b0980b4492b464e1b404098705ea6d187b3f59b7d87984d882cae5c1386ac2e939468694a5057fc86951db370df2353ea6166c917f8bc21f45c7e6a9c0d54442c416b3811e67b1e3bc34d57ffe794a8308c6c2b6c1388fb75286965385079e6fc325e88e74fee2b0086a5b8929a44ec82c8c107e8895d4e46310b143c3ac5d319574f67e7f83c1461ede0a9fc74271592054b56d17e1b1d78dad38805a63ff29f7a283a9d09244d18e6668194f1a6ac6c060952f0c3c1de93fbf79fec3df343bd15642c6dd22208cc6d67027641cc565385b3553a4c57e97479c9b3e8a5abf65c5d4549062f42ac2dbfb0181bb275e1b7f19a7190990f0770aba26735089280a2a1624c4281a5d524814b4852d94eb4889850e46c22dfa6c8a5146ff583fc2c3b49672fd54c5ad7b6d48de567c719c119b280aa70aedecbf5b54da20978ee9bf29f621f72c3747e53ed0a3a324f7e61622cff25c900ce90c89cb29af25659896b2a9b0c184f57ad7072cf39046466deee0f3fd86ce427ea941c957436549776f71756e4d767c459b5d6ab09fb315ef8f0e9e8b9738274275a2b748e202a25de1af86d101e6daaad624be708dd1b4b7586b5bc5f9a332dc0305832738a7fd929e910d95d7e2c89a012139cdd33577cbeef5e3f599efa08c1d9e66ddb4abb5bfadb3b8a341588ffd1c9311b3f5c1e3d5f576bc86f92760e9d4d6aeffc809f7ceb7cc61d98f7c5f93c1cc432d484c9a4ad29df79ec785b5bdbe963355b56ae663264a460ec0c0495c8b123828b59fce6079b2d06056ba28d8026c4246870c986b796a2087d48f47826f19aeb6ff783978dafb99d4f78e3f08ba532cc3356b2a21e691e76566215dfa6e84f11e0ada00d5ba1b6e4858fbe5fea758cac4ba27b6f04a898ee2feec4c73c2a1fda40318aea3a1e363e29c7d6127463d8a2c8b1abd8e0bf3d25d3b08d91cf580b0a5cfc34660b270f6c1743e74c40c5ddffe5884533e10db92cea48b00056a6ddd1bab38d492d0bf7cbaae659b2b836087febf9bc1f90794b3608028c9e1f34652ce20b2c3c77f9cdbbc6f74cbb5b9e09447644e26e30d7acae64c56592598cb1b39b79d3e90ffa5dcfe7343684f542d054b3d8399988dc74cfff4889d430b261e9a65d7c3f4d129654d4ec5eb3a52ccb80e9eee613e89d79257246f19a5977f8a19761b955c3d2a0a9035d34358911cecef9d61bfcf0fbe653ee01e0b72262ce1b4c6d295aaf4439e968c9c5bab38a044c29220ffbe577f446661863e6044d29d13483439c4ce2acdbfd28d49b2c6e64f98d88858ae55f201dbd4f5109b12637129024fe99c82fde9699e5af4bcdef655316cb83a692391bd02272dcf5bf3389aaeda0cdb365ca4c1821d79463b0b2b2a62c89007b25ee9185abeac8c9e27ac3fc7749253be30bc97383a68a394f6f340038e770fe5fcf447e3b2832ac7cf3391cad2929b7382709644c397cb8c29fdbe5e659fcf9a7fba11953eba517bd45cf253a3be7ff624f98d73d549059c54dec6956a32392ca5c2a71d78e4ca512fdfdbbfa20201b83269b394b57258306d7dfff3f7c252a99763b20390b39690d376599408129ab794715be12b5dc7312d70671bf3fb441b86f0d999a587a6ef45bcf5888866fbeebeaff4781c5a3242371ba30305ccc0416d9bca78a93aadb942204c218f9bfecddcd6ea2501407f0805c1004152a152d6a4f57ae4848d318d360531313d2b898a455a399a689ab4937ddb87257577d8626dd4dd25593be44d76e7ca0993660a555043f1028bf47207fcee59edc73293266b1f7acd57dd2ba1d3555f80ee7f2a4bf97118f14c05019ce4b99fea6eb7fcbf6c657be18f27305496068de1e6d97f967b0da31cc0fa21f7bb0bb21316618f5b213f62dc54431205f3d343e0de3d62b63f5f6be0673e17effb0f61612c170715376ede649811954705a1249f0248cd5c9a0a92c08a21cbea9be35ede5c0f0ec3a896f5dc53f437e2e95c074da3eda8693decbdd29cc47ecffdc4ea21d81991e6574571975eb318820ec5966c904985e37dd673c3b6fd7011606f1879d7c700e7160d0c6aea278013370df3772be429f61543ae71bab8667bdc741bda1c202382f2583b47c782cc583e5e664679e55bf0df9b995111530a9a3d6da29ac9e5fbf746a0d051661285988da37f6e81c18b4b7f27cf633f87cc096e76918e1d3e9609d85ba3519d51a2ad83994e2415b3a76a1408041751446fdc1b26709ecdf973019661c0f56a88dd5dea43faaa9600fcf96fc7a6ac977a404182ae39b653571f8bb62b97028c84fb94400d8fc82c5a67bdd6bbf8eea4d1596cac9f9203f21cf6125060ceac3d02e88fa53d77aad67c09b64491ebe68dcbd4ee65f5372d6ea5d3ff6071d636bb21c43a56301fc90de3124c2d4e5e2d2a8ffe92a21bb389a1499ef13d28d5abd73df7f691bfafdfb51a75e6f362bc72a3884536231990af68bea09fb3082f6f034fcf5b5208e9fbb1a58717e1bf25b0526f0046c128153d98302196d5456864960a554344dbbbc7877a555e0bb5c58ae304779063685399492510cd79605379860ff19d18a9470581b2e4ac20f9d56d93894c6c1a98418b68ba3058e583984945c8c4547bf360a4b3afc7262e530beff481073e04682e2d2a558d4c1de0e320b0e84ad264e65f6f2593e472cdb9ab0fb3c271f0885788a0ee983f00732cb801d822f857b34034bc585a2ccf114cbe226963da4288e93d307a558214ea6325104bd8162722e6add6288a649538aa651b412ef04da2b14d32247fdb7cfb21f45e163518a47addbc86e6008a10cfd0ea1288491c8bff6e040000000004090bff520570000000000000000000000000000430100ae9d2778ef0b510000000049454e44ae426082, 'nutella.png', 26);

-- --------------------------------------------------------

--
-- Struktura tabeli dla tabeli `hasla`
--

CREATE TABLE `hasla` (
  `idHaslo` int(11) NOT NULL,
  `data_utworzenia` timestamp NOT NULL DEFAULT current_timestamp() ON UPDATE current_timestamp(),
  `Haslo` char(64) COLLATE utf8_bin NOT NULL,
  `czy_aktywne` int(11) NOT NULL,
  `idUzytkownik` int(11) NOT NULL
) ENGINE=InnoDB DEFAULT CHARSET=utf8 COLLATE=utf8_bin;

--
-- Zrzut danych tabeli `hasla`
--

INSERT INTO `hasla` (`idHaslo`, `data_utworzenia`, `Haslo`, `czy_aktywne`, `idUzytkownik`) VALUES
(13, '2022-01-21 16:13:57', '7f92063f461ca1991c0f734dca11d2c98d30e14f08c0e5a7f8e631eca3bc1b52', 1, 4),
(21, '2022-01-26 19:41:23', '8c6976e5b5410415bde908bd4dee15dfb167a9c873fc4bb8a81f6f2ab448a918', 1, 1),
(22, '2022-01-28 20:00:31', '48b676e2b107da679512b793d5fd4cc4329f0c7c17a97cf6e0e3d1005b600b03', 1, 9),
(23, '2022-01-28 20:01:22', 'cf2e5bff1ef03dcd20d1a0b18ef7d89fc80a3554434165753672f6f40fde1d25', 1, 10),
(24, '2022-01-28 20:03:24', '5dc0cd85c65c617d8f9ab8dbd11901b033529301b86482afacb868327cee06f6', 1, 11);

-- --------------------------------------------------------

--
-- Struktura tabeli dla tabeli `komentarze`
--

CREATE TABLE `komentarze` (
  `idKomentarz` int(11) NOT NULL,
  `data` timestamp NOT NULL DEFAULT current_timestamp() ON UPDATE current_timestamp(),
  `tresc` varchar(500) COLLATE utf8_bin NOT NULL,
  `idUzytkownik` int(11) NOT NULL,
  `idPost` int(11) NOT NULL
) ENGINE=InnoDB DEFAULT CHARSET=utf8 COLLATE=utf8_bin;

--
-- Zrzut danych tabeli `komentarze`
--

INSERT INTO `komentarze` (`idKomentarz`, `data`, `tresc`, `idUzytkownik`, `idPost`) VALUES
(2, '2022-01-26 17:14:23', 'Lorem ipsum dolor sit amet, consectetur adipiscing elit. Duis malesuada venenatis nisi. In at velit urna. Aenean blandit blandit semper. Aenean vel molestie ipsum. Vivamus auctor placerat est nec fermentum. Nunc justo diam, viverra quis est a, auctor aliquam nibh. Pellentesque habitant morbi tristique senectus et netus et malesuada fames ac turpis egestas. Maecenas sit amet sapien at odio pharetra consequat quis sit amet turpis. Pellentesque tempus accumsan vehicula.', 4, 27);

-- --------------------------------------------------------

--
-- Struktura tabeli dla tabeli `logi`
--

CREATE TABLE `logi` (
  `idLog` int(11) NOT NULL,
  `data` timestamp NOT NULL DEFAULT current_timestamp() ON UPDATE current_timestamp(),
  `tresc` varchar(200) COLLATE utf8_bin NOT NULL
) ENGINE=InnoDB DEFAULT CHARSET=utf8 COLLATE=utf8_bin;

--
-- Zrzut danych tabeli `logi`
--

INSERT INTO `logi` (`idLog`, `data`, `tresc`) VALUES
(1, '2022-01-26 18:34:23', 'dodano uzytkownika'),
(2, '2022-01-26 18:44:06', 'dodano uzytkownika10'),
(3, '2022-01-26 18:50:10', 'zmiana danych uzytkownika'),
(7, '2022-01-26 18:50:30', 'zmiana danych uzytkownika'),
(9, '2022-01-26 19:00:41', 'usunieto uzytkownika'),
(11, '2022-01-26 19:01:21', 'usunieto uzytkownika'),
(14, '2022-01-26 19:41:23', 'dodano uzytkownika id: 9'),
(15, '2022-01-26 19:41:45', 'zmiana danych uzytkownika'),
(16, '2022-01-26 19:43:00', 'zmiana danych uzytkownika'),
(17, '2022-01-28 20:00:31', 'dodano uzytkownika id: 9'),
(18, '2022-01-28 20:01:22', 'dodano uzytkownika id: 10'),
(19, '2022-01-28 20:03:24', 'dodano uzytkownika id: 11'),
(20, '2022-03-03 09:30:31', 'usunieto uzytkownika'),
(21, '2022-03-03 09:30:56', 'zmiana danych uzytkownika');

-- --------------------------------------------------------

--
-- Struktura tabeli dla tabeli `posty`
--

CREATE TABLE `posty` (
  `idPost` int(11) NOT NULL,
  `tytul` varchar(200) COLLATE utf8_bin NOT NULL,
  `data_utworzenia` timestamp NOT NULL DEFAULT current_timestamp() ON UPDATE current_timestamp(),
  `idUzytkownik` int(11) NOT NULL,
  `idTemat` int(11) NOT NULL
) ENGINE=InnoDB DEFAULT CHARSET=utf8 COLLATE=utf8_bin;

--
-- Zrzut danych tabeli `posty`
--

INSERT INTO `posty` (`idPost`, `tytul`, `data_utworzenia`, `idUzytkownik`, `idTemat`) VALUES
(25, 'Czy Null', '2022-01-25 20:43:26', 4, 1),
(26, 'Nie null', '2022-01-25 20:44:25', 4, 1),
(27, 'Dziaajcy post', '2022-01-25 21:30:51', 4, 1);

-- --------------------------------------------------------

--
-- Struktura tabeli dla tabeli `tematy`
--

CREATE TABLE `tematy` (
  `idTemat` int(11) NOT NULL,
  `nazwa` varchar(60) COLLATE utf8_bin NOT NULL
) ENGINE=InnoDB DEFAULT CHARSET=utf8 COLLATE=utf8_bin;

--
-- Zrzut danych tabeli `tematy`
--

INSERT INTO `tematy` (`idTemat`, `nazwa`) VALUES
(1, 'oglne'),
(2, 'sport'),
(3, 'muzyka'),
(4, 'podre'),
(5, 'zabawne'),
(6, 'mio'),
(8, 'ciekawostka'),
(9, 'nauka'),
(10, 'pogoda');

-- --------------------------------------------------------

--
-- Struktura tabeli dla tabeli `trescpostow`
--

CREATE TABLE `trescpostow` (
  `idTrescPosta` int(11) NOT NULL,
  `tresc` text COLLATE utf8_bin DEFAULT NULL,
  `idPost` int(11) NOT NULL
) ENGINE=InnoDB DEFAULT CHARSET=utf8 COLLATE=utf8_bin;

--
-- Zrzut danych tabeli `trescpostow`
--

INSERT INTO `trescpostow` (`idTrescPosta`, `tresc`, `idPost`) VALUES
(25, '', 25),
(26, 'test test', 26),
(27, 'Mj nowy post', 27);

-- --------------------------------------------------------

--
-- Struktura tabeli dla tabeli `uzytkownicy`
--

CREATE TABLE `uzytkownicy` (
  `idUzytkownik` int(11) NOT NULL,
  `login` varchar(30) COLLATE utf8_bin NOT NULL,
  `nazwa` varchar(30) COLLATE utf8_bin NOT NULL,
  `uprawnienia` int(11) NOT NULL,
  `data_rejestracji` timestamp NOT NULL DEFAULT current_timestamp() ON UPDATE current_timestamp(),
  `plec` int(11) NOT NULL,
  `miejscowosc` varchar(60) COLLATE utf8_bin NOT NULL
) ENGINE=InnoDB DEFAULT CHARSET=utf8 COLLATE=utf8_bin;

--
-- Zrzut danych tabeli `uzytkownicy`
--

INSERT INTO `uzytkownicy` (`idUzytkownik`, `login`, `nazwa`, `uprawnienia`, `data_rejestracji`, `plec`, `miejscowosc`) VALUES
(1, 'admin@portal.com', 'admin', 1, '2022-01-26 19:43:00', 0, 'Portal'),
(4, 'anna123@gmail.com', '', 0, '2022-03-03 09:30:56', 1, 'miasto'),
(9, 'man@man', 'man', 0, '2022-01-28 20:00:31', 0, 'man'),
(10, 'woman@woman', 'woman', 0, '2022-01-28 20:01:22', 0, 'woman'),
(11, 'anna2@dot.com', 'anna2', 0, '2022-01-28 20:03:24', 1, 'anna2');

--
-- Wyzwalacze `uzytkownicy`
--
DELIMITER $$
CREATE TRIGGER `after_delete` AFTER DELETE ON `uzytkownicy` FOR EACH ROW BEGIN
	INSERT INTO logi (tresc) values ("usunieto uzytkownika");
END
$$
DELIMITER ;
DELIMITER $$
CREATE TRIGGER `after_up` AFTER UPDATE ON `uzytkownicy` FOR EACH ROW BEGIN
	INSERT INTO logi (tresc) values ("zmiana danych uzytkownika");
END
$$
DELIMITER ;
DELIMITER $$
CREATE TRIGGER `after_update` AFTER INSERT ON `uzytkownicy` FOR EACH ROW BEGIN
	DECLARE user_id integer;
	select max(idUzytkownik) into user_id from uzytkownicy;
	INSERT INTO logi (tresc) values (CONCAT("dodano uzytkownika id: ", user_id));
END
$$
DELIMITER ;

-- --------------------------------------------------------

--
-- Struktura tabeli dla tabeli `uzytkownicy-to-logi`
--

CREATE TABLE `uzytkownicy-to-logi` (
  `idul` int(11) NOT NULL,
  `idUzytkownik` int(11) NOT NULL,
  `idLog` int(11) NOT NULL
) ENGINE=InnoDB DEFAULT CHARSET=utf8 COLLATE=utf8_bin;

-- --------------------------------------------------------

--
-- Struktura tabeli dla tabeli `wiadomosci`
--

CREATE TABLE `wiadomosci` (
  `data` timestamp NOT NULL DEFAULT current_timestamp() ON UPDATE current_timestamp(),
  `tresc` text COLLATE utf8_bin NOT NULL,
  `czy_odczytana` int(11) NOT NULL,
  `Nadawca` int(11) NOT NULL,
  `Odbiorca` int(11) NOT NULL
) ENGINE=InnoDB DEFAULT CHARSET=utf8 COLLATE=utf8_bin;

--
-- Zrzut danych tabeli `wiadomosci`
--

INSERT INTO `wiadomosci` (`data`, `tresc`, `czy_odczytana`, `Nadawca`, `Odbiorca`) VALUES
('2022-03-03 09:29:28', 'Ten portal jest wspaniay!', 0, 1, 4),
('2022-03-03 09:29:50', 'Te tak sdze!', 0, 4, 1);

-- --------------------------------------------------------

--
-- Struktura tabeli dla tabeli `zablokowani`
--

CREATE TABLE `zablokowani` (
  `data_blokady` timestamp NOT NULL DEFAULT current_timestamp() ON UPDATE current_timestamp(),
  `czas_blokady` int(11) NOT NULL,
  `powod` varchar(80) COLLATE utf8_bin DEFAULT NULL,
  `idUzytkownik` int(11) NOT NULL
) ENGINE=InnoDB DEFAULT CHARSET=utf8 COLLATE=utf8_bin;

--
-- Wyzwalacze `zablokowani`
--
DELIMITER $$
CREATE TRIGGER `after_ban` BEFORE INSERT ON `zablokowani` FOR EACH ROW BEGIN
	INSERT INTO logi (tresc) values ("zablokowano uzytkownika");
END
$$
DELIMITER ;

--
-- Indeksy dla zrzutw tabel
--

--
-- Indeksy dla tabeli `galeria`
--
ALTER TABLE `galeria`
  ADD PRIMARY KEY (`idZdjecia`),
  ADD KEY `fk_Galeria_Post1` (`idPost`);

--
-- Indeksy dla tabeli `hasla`
--
ALTER TABLE `hasla`
  ADD PRIMARY KEY (`idHaslo`,`idUzytkownik`),
  ADD KEY `fk_Haslo_Uzytkownik` (`idUzytkownik`);

--
-- Indeksy dla tabeli `komentarze`
--
ALTER TABLE `komentarze`
  ADD PRIMARY KEY (`idKomentarz`),
  ADD KEY `fk_Komentarz_Uzytkownik1` (`idUzytkownik`),
  ADD KEY `fk_Komentarz_Post1` (`idPost`);

--
-- Indeksy dla tabeli `logi`
--
ALTER TABLE `logi`
  ADD PRIMARY KEY (`idLog`);

--
-- Indeksy dla tabeli `posty`
--
ALTER TABLE `posty`
  ADD PRIMARY KEY (`idPost`),
  ADD KEY `fk_Post_Uzytkownik1` (`idUzytkownik`),
  ADD KEY `fk_Post_Temat1` (`idTemat`);

--
-- Indeksy dla tabeli `tematy`
--
ALTER TABLE `tematy`
  ADD PRIMARY KEY (`idTemat`);

--
-- Indeksy dla tabeli `trescpostow`
--
ALTER TABLE `trescpostow`
  ADD PRIMARY KEY (`idTrescPosta`),
  ADD KEY `fk_Tresc_posta_Post1` (`idPost`);

--
-- Indeksy dla tabeli `uzytkownicy`
--
ALTER TABLE `uzytkownicy`
  ADD PRIMARY KEY (`idUzytkownik`);

--
-- Indeksy dla tabeli `uzytkownicy-to-logi`
--
ALTER TABLE `uzytkownicy-to-logi`
  ADD PRIMARY KEY (`idul`),
  ADD KEY `fk_Lacznik_Uzytkownik1` (`idUzytkownik`),
  ADD KEY `fk_Lacznik_Log1` (`idLog`);

--
-- Indeksy dla tabeli `wiadomosci`
--
ALTER TABLE `wiadomosci`
  ADD KEY `fk_Wiadomosc_Uzytkownik1` (`Nadawca`),
  ADD KEY `fk_Wiadomosc_Uzytkownik2` (`Odbiorca`);

--
-- Indeksy dla tabeli `zablokowani`
--
ALTER TABLE `zablokowani`
  ADD KEY `fk_Zablokowany_Uzytkownik1` (`idUzytkownik`);

--
-- AUTO_INCREMENT dla zrzuconych tabel
--

--
-- AUTO_INCREMENT dla tabeli `galeria`
--
ALTER TABLE `galeria`
  MODIFY `idZdjecia` int(11) NOT NULL AUTO_INCREMENT, AUTO_INCREMENT=12;

--
-- AUTO_INCREMENT dla tabeli `hasla`
--
ALTER TABLE `hasla`
  MODIFY `idHaslo` int(11) NOT NULL AUTO_INCREMENT, AUTO_INCREMENT=25;

--
-- AUTO_INCREMENT dla tabeli `komentarze`
--
ALTER TABLE `komentarze`
  MODIFY `idKomentarz` int(11) NOT NULL AUTO_INCREMENT, AUTO_INCREMENT=13;

--
-- AUTO_INCREMENT dla tabeli `logi`
--
ALTER TABLE `logi`
  MODIFY `idLog` int(11) NOT NULL AUTO_INCREMENT, AUTO_INCREMENT=22;

--
-- AUTO_INCREMENT dla tabeli `posty`
--
ALTER TABLE `posty`
  MODIFY `idPost` int(11) NOT NULL AUTO_INCREMENT, AUTO_INCREMENT=30;

--
-- AUTO_INCREMENT dla tabeli `tematy`
--
ALTER TABLE `tematy`
  MODIFY `idTemat` int(11) NOT NULL AUTO_INCREMENT, AUTO_INCREMENT=11;

--
-- AUTO_INCREMENT dla tabeli `trescpostow`
--
ALTER TABLE `trescpostow`
  MODIFY `idTrescPosta` int(11) NOT NULL AUTO_INCREMENT, AUTO_INCREMENT=30;

--
-- AUTO_INCREMENT dla tabeli `uzytkownicy`
--
ALTER TABLE `uzytkownicy`
  MODIFY `idUzytkownik` int(11) NOT NULL AUTO_INCREMENT, AUTO_INCREMENT=12;

--
-- Ograniczenia dla zrzutw tabel
--

--
-- Ograniczenia dla tabeli `galeria`
--
ALTER TABLE `galeria`
  ADD CONSTRAINT `fk_Galeria_Post1` FOREIGN KEY (`idPost`) REFERENCES `posty` (`idPost`) ON DELETE CASCADE ON UPDATE CASCADE;

--
-- Ograniczenia dla tabeli `hasla`
--
ALTER TABLE `hasla`
  ADD CONSTRAINT `fk_Haslo_Uzytkownik` FOREIGN KEY (`idUzytkownik`) REFERENCES `uzytkownicy` (`idUzytkownik`) ON DELETE CASCADE ON UPDATE CASCADE;

--
-- Ograniczenia dla tabeli `komentarze`
--
ALTER TABLE `komentarze`
  ADD CONSTRAINT `fk_Komentarz_Post1` FOREIGN KEY (`idPost`) REFERENCES `posty` (`idPost`) ON DELETE CASCADE ON UPDATE CASCADE,
  ADD CONSTRAINT `fk_Komentarz_Uzytkownik1` FOREIGN KEY (`idUzytkownik`) REFERENCES `uzytkownicy` (`idUzytkownik`) ON DELETE CASCADE ON UPDATE CASCADE;

--
-- Ograniczenia dla tabeli `posty`
--
ALTER TABLE `posty`
  ADD CONSTRAINT `fk_Post_Temat1` FOREIGN KEY (`idTemat`) REFERENCES `tematy` (`idTemat`) ON DELETE CASCADE ON UPDATE CASCADE,
  ADD CONSTRAINT `fk_Post_Uzytkownik1` FOREIGN KEY (`idUzytkownik`) REFERENCES `uzytkownicy` (`idUzytkownik`) ON DELETE CASCADE ON UPDATE CASCADE;

--
-- Ograniczenia dla tabeli `trescpostow`
--
ALTER TABLE `trescpostow`
  ADD CONSTRAINT `fk_Tresc_posta_Post1` FOREIGN KEY (`idPost`) REFERENCES `posty` (`idPost`) ON DELETE CASCADE ON UPDATE CASCADE;

--
-- Ograniczenia dla tabeli `uzytkownicy-to-logi`
--
ALTER TABLE `uzytkownicy-to-logi`
  ADD CONSTRAINT `fk_Lacznik_Log1` FOREIGN KEY (`idLog`) REFERENCES `logi` (`idLog`) ON DELETE CASCADE ON UPDATE CASCADE,
  ADD CONSTRAINT `fk_Lacznik_Uzytkownik1` FOREIGN KEY (`idUzytkownik`) REFERENCES `uzytkownicy` (`idUzytkownik`) ON DELETE CASCADE ON UPDATE CASCADE;

--
-- Ograniczenia dla tabeli `wiadomosci`
--
ALTER TABLE `wiadomosci`
  ADD CONSTRAINT `fk_Wiadomosc_Uzytkownik1` FOREIGN KEY (`Nadawca`) REFERENCES `uzytkownicy` (`idUzytkownik`) ON DELETE CASCADE ON UPDATE CASCADE,
  ADD CONSTRAINT `fk_Wiadomosc_Uzytkownik2` FOREIGN KEY (`Odbiorca`) REFERENCES `uzytkownicy` (`idUzytkownik`) ON DELETE CASCADE ON UPDATE CASCADE;

--
-- Ograniczenia dla tabeli `zablokowani`
--
ALTER TABLE `zablokowani`
  ADD CONSTRAINT `fk_Zablokowany_Uzytkownik1` FOREIGN KEY (`idUzytkownik`) REFERENCES `uzytkownicy` (`idUzytkownik`) ON DELETE CASCADE ON UPDATE CASCADE;
COMMIT;

/*!40101 SET CHARACTER_SET_CLIENT=@OLD_CHARACTER_SET_CLIENT */;
/*!40101 SET CHARACTER_SET_RESULTS=@OLD_CHARACTER_SET_RESULTS */;
/*!40101 SET COLLATION_CONNECTION=@OLD_COLLATION_CONNECTION */;
